langcode,title,field_a2zpublisher,field_a2zsubject,field_a2zurl,field_author,field_isbn,field_vol,field_year
,Handbook of Science and Technology Convergence,Springer,Computer Science,http://link.springer.com/openurl?genre=book&isbn=978-3-319-04033-2,"William Sims Bainbridge, Mihail C. Roco",9783319040332,,2020
,Handbook of Science and Technology Studies,SAGE Publications Ltd,"Science, Technology",https://doi.org/10.4135/9781412990127,James C Peterson; Sheila Jasanoff; Trevor Pinch; Gerald E Markle,9781412990127,Revised ed.,1995
,Handbook of Sensor Networks: Algorithms and Architectures,Wiley,"Physical Sciences & Engineering, Electrical & Electronics Engineering",https://onlinelibrary.wiley.com/doi/book/10.1002/047174414X,Stojmenovic,9780471744146,,2005
,Handbook of Smart Cities,Springer,Computer Science,http://link.springer.com/openurl?genre=book&isbn=978-3-030-15145-4,Juan Carlos Augusto,9783030151454,,2020
,Handbook of Smart Textiles,Springer Nature,Chemistry and Materials Science,https://doi.org/10.1007/978-981-4451-45-1,Xiaoming Tao,9789814451451,,2015
,Handbook of Social Research Ethics,SAGE Publications Ltd,"Social sciences, Research",https://doi.org/10.4135/9781483348971,Donna M. Mertens; Pauline E. Ginsberg,9781483348971,,2009
,Handbook of Social Work Research Methods,SAGE Publications Ltd,"Social service, Research",https://doi.org/10.4135/9781412986182,Bruce Thyer,9781412986182,,2001
,Handbook of Social Work Research Methods,SAGE Publications Ltd,"Social service, Research",https://doi.org/10.4135/9781544364902,Bruce Thyer,9781544364902,2nd ed.,2009
,Handbook of Sodium-Ion Batteries,Taylor & Francis ,Physical Sciences,http://www.taylorfrancis.com/books/Physical Sciences,"George Zhao, Rohit R. Gaddam",9781003308744,,2022
,Handbook of Solar Energy,Springer Nature,Energy,https://doi.org/10.1007/978-981-10-0807-8,"G. N. Tiwari, Arvind Tiwari,  Shyam",9789811008078,,2016
,Handbook of Spectroscopy,Wiley,"Chemistry, Analytical Chemistry",https://onlinelibrary.wiley.com/doi/book/10.1002/9783527654703,Gauglitz,9783527654703,2nd ed.,2014
,Handbook of Sustainable Textile Production,Woodhead Publishing,Engineering ,https://www.sciencedirect.com/science/book/9780857091369,"Tobler-Rohr, M I",,,2011
,Handbook of Teaching Qualitative and Mixed Research Methods: A Step-by-Step Guide for Instructors,Routledge,Research Methods - Social Sciences,http://www.taylorfrancis.com/books/Research Methods - Social Sciences,"Alissa Ruth, Amber Wutich, H. Russell Bernard",9781003213277,,2024
,Handbook of the Arts in Qualitative Research,SAGE Publications Ltd,"Social sciences,  Research",https://doi.org/10.4135/9781452226545,J. Gary Knowles; Ardra L. Cole,9781452226545,,2008
,"Handbook of Thermoplastic Polyesters : Homopolymers, Copolymers, Blends and Composites",Wiley,Polymers,https://onlinelibrary.wiley.com/doi/book/10.1002/3527601961,Stoyko Fakirov,9783527601967,,2002
,Handbook of Visual Analysis,SAGE Publications Ltd,Visual communication,https://doi.org/10.4135/9780857020062,Theo Van Leeuwen; Carey Jewitt,9780857020062,,2001
,Handbook of Visual Culture,Bloomsbury Design Library,Design,https://doi.org/10.5040/9781474294140?locatt=label:secondary_bloomsburyVisualArts,Ian Heywood & Barry Sandywell,9781474294140,,2017
,"Handbook of Visual Optics, Vol. 1",Taylor & Francis,"Engineering & Technology, Medicine, Dentistry, Nursing & Allied Health, Electrical & Electronic Engineering, Medicine",www.taylorfrancis.com/books/9781315373034,"Artal , Pablo",9781315373034,,2017
,"Handbook of Visual Optics, Vol. 2",Taylor & Francis,"Engineering & Technology, Medicine, Dentistry, Nursing & Allied Health, Electrical & Electronic Engineering, Medicine",www.taylorfrancis.com/books/9781315373027,"Artal , Pablo",9781315373027,,2017
,Handbook of Yarn Production,Woodhead Publishing,Engineering,https://www.sciencedirect.com/science/book/9781855736962,"Lord, P R",,,2003
,Handbook on Socially Interactive Agents,Association for Computing Machinery,"Computer Science, User interfaces, Intelligent interaction",https://dl.acm.org/doi/book/10.1145/3477322,"Birgit Lugrin, Catherine Pelachaud, David Taum",9781450387200,,2021
,"Handbook on Socially Interactive Agents: 20 years of Research on Embodied Conversational Agents, Intelligent Virtual Agents, and Social Robotics Volume 2: Interactivity, Platforms, Application",Association for Computing Machinery,Computer Science,https://doi.org/10.1145/3563659,Birgit Lugrin,9781450398961,,2022
,Handbook of Fibre Chemistry,Routledge,Materials Science,http://www.taylorfrancis.com/books/Materials Science,Menachem Lewin,9780429116391,3rd ed.,2007
,"Haptic Interfaces for Accessibility, Health, and Enhanced Quality of Life",Springer,Computer Science,http://link.springer.com/openurl?genre=book&isbn=978-3-030-34230-2,"Troy McDaniel, Sethuraman Panchanathan",9783030342302,,2020
,Hard Facts about soft Machines: The Ergonomics of Seating,CRC Press,Product design,http://www.taylorfrancis.com/books/Product design,"Rani Luender, Kageyu Noro",9781003069461,,1994
,Hard Problems in Software Testing,Synthesis Collection of Technology (R0),Computing and Processing,https://doi.org/10.1007/978-3-031-02547-1,"Scott Tilley, Brianna Floss",9783031025471,,2014
,Hardness of Approximation Between P and NP,Association for Computing Machinery,"NP-complete problems, Equilibrium, Computer algorithms",https://dl.acm.org/citation.cfm?id=3241304,Aviad Rubinstein,9781947487222,,2019
,Hardware and Software Architectures for Fault Tolerance,Springer,Computer Science,http://dx.doi.org/10.1007/BFb0020017,"Michel Banâtre, Peter A. Lee",9783540483304,774,1994
,Hardware and Software of Personal Computers,New Age International,"Computers , Hardware , Software Development",http://elib4u.ipublishcentral.com/product/hardware-software-personal-computers ,Sanjay K Bose,9788122442014,2nd ed.,2014
,Hardware and Software Support for Virtualization,Synthesis Collection of Technology (R0),Computing and Processing,https://doi.org/10.1007/978-3-031-01753-7,"Edouard Bugnion, Jason Nieh, Dan Tsafrir",9783031017537,,2017
,Hardware Design for 3D Video Coding,Synthesis Collection of Technology (R0),Circuits and Systems,https://doi.org/10.1007/978-3-031-80232-4,"Vladimir Afonso, Murilo Perleberg, Bruno Zatt, Marcelo Porto, Luciano Agostini, Altamiro Susin",9783031802324,,2025
,Hardware Malware,Synthesis Collection of Technology (R0),Computing and Processing,https://doi.org/10.1007/978-3-031-02338-5,"Edgar Weippl, Christian Krieg, Adrian Dabrowski, Katharina Krombholz, Heidelinde Hobel",9783031023385,,2013
,"Hardware Specification, Verification and Synthesis: Mathematical Aspects",Springer,Computer Science,http://dx.doi.org/10.1007/0-387-97226-9,"Miriam Leeser, Geoffrey Brown",9780387348018,408,1990
,Hardy Classes on Infinitely Connected Riemann Surfaces,Springer,Mathematics,http://dx.doi.org/10.1007/BFb0071447,Morisuke Hasumi,9783540387190,1027,1983
,Hardy Classes on Riemann Surfaces,Springer,Mathematics,http://dx.doi.org/10.1007/BFb0080775,Maurice Heins,9783540361398,98,1969
,Harmonic Analysis,Springer,Physics,http://dx.doi.org/10.1007/BFb0009678,"V. K. Dobrev, G. Mack, V. B. Petkova, S. G. Petrova, I. T. Todorov",9783540373810,63,1977
,Harmonic Analysis and Partial Differential Equations,Springer,Mathematics,http://dx.doi.org/10.1007/BFb0086791,José García-Cuerva,9783540481348,1384,1989
,Harmonic Analysis and Wave Equations,World Scientific,"Mathematics, Harmonic Analysis",https://www.worldscientific.com/worldscibooks/10.1142/11500#t=toc,Coron Jean-Michel et al,9789811208379,,2019
,Harmonic Analysis Iraklion 1978,Springer,Mathematics,http://dx.doi.org/10.1007/BFb0097640,"Nicholas Petridis, Stylianos K. Pichorides, Nicolas Varopoulos",9783540386322,781,1980
,Harmonic Analysis on Compact Solvmanifolds,Springer,Mathematics,http://dx.doi.org/10.1007/BFb0069793,Jonathan Paul Brezin,9783540372813,602,1977
,Harmonic Analysis on Real Reductive Groups,Springer,Mathematics,http://dx.doi.org/10.1007/BFb0097814,V. S. Varadarajan,9783540374206,576,1977
,Harmonic Analysis on Reductive p-adic Groups,Springer,Mathematics,http://dx.doi.org/10.1007/BFb0061269,Harish-Chandra,9783540363729,162,1970
,Harmonic Analysis on Totally Disconnected Sets,Springer,Mathematics,http://dx.doi.org/10.1007/BFb0069050,John Benedetto,9783540366591,202,1971
,"Harmonic Analysis: Proceedings of a Conference Held at the University of Minnesota, Minneapolis",Springer,Mathematics,http://dx.doi.org/10.1007/BFb0093277,"Fulvio Ricci, Guido Weiss",9783540389736,908,1982
,"Harmonic Analysis: Proceedings of a Conference Held in Cortona, Italy",Springer,Mathematics,http://dx.doi.org/10.1007/BFb0069148,"Giancarlo Mauceri, Fulvio Ricci, Guido Weiss",9783540398851,992,1983
,Harmonic Analysis: Proceedings of the International Symposium held at the Centre Universitaire de Luxembourg,Springer,Mathematics,http://dx.doi.org/10.1007/BFb0086584,"Pierre Eymard, Jean-Paul Pier",9783540460329,1359,1988
,"Harmonic Analysis: Proceedings of the special program at the Nankai Institute of Mathematics Tianjin, PR China",Springer,Mathematics,http://dx.doi.org/10.1007/BFb0087751,"Min-Teh Cheng, Dong-Gao Deng, Xing-Wei Zhou",9783540464747,1494,1991
,Harmonic and Spectral Analysis,World Scientific,"Mathematics, Analysis & Differential Equations",https://www.worldscientific.com/worldscibooks/10.1142/8924#t=toc,Szekelyhidi Laszlo,9789814531726,,2014
,Harmonic Mappings and Minimal Immersions,Springer,Mathematics,http://dx.doi.org/10.1007/BFb0075135,Enrico Giusti,9783540397168,1161,1985
,Harmonic Maps,Springer,Mathematics,http://dx.doi.org/10.1007/BFb0069752,"Ronald J. Knill, Morris Kalka, Howard C. J. Sealey",9783540393603,949,1982
,Harmonic Maps Between Surfaces (with a Special Chapter on Conformal Mappings),Springer,Mathematics,http://dx.doi.org/10.1007/BFb0100160,Jürgen Jost,9783540388685,1062,1984
,Harmonic Maps of Manifolds with Boundary,Springer,Mathematics,http://dx.doi.org/10.1007/BFb0087227,Richard S. Hamilton,9783540375302,471,1975
,Hazard and Risk Analysis for Organisational Safety Management,Synthesis Collection of Technology (R0),Hazard Control,https://doi.org/10.1007/978-3-031-73458-8,Alexander Arnfinn Olsen,9783031734588,,2025
,HCI and Design in the Context of Dementia,Springer,Computer Science,http://link.springer.com/openurl?genre=book&isbn=978-3-030-32835-1,"Rens Brankaert, Gail Kenning",9783030328351,,2020
,HCI Design Knowledge,Synthesis Collection of Technology (R0),User Interfaces Design,https://doi.org/10.1007/978-3-031-79209-0,"Long John, Cummaford Steve, Stork Adam",9783031792090,,2022
,"HCI for Cybersecurity, Privacy and Trust",Springer,Computer Science,http://link.springer.com/openurl?genre=book&isbn=978-3-030-50309-3,Abbas Moallem,9783030503093,,2020
,"HCI in Business, Government and Organizations",Springer,Computer Science,http://link.springer.com/openurl?genre=book&isbn=978-3-030-50341-3,"Fiona Fui-Hoon Nah, Keng Siau",9783030503413,,2020
,HCI in Games,Springer,Computer Science,http://link.springer.com/openurl?genre=book&isbn=978-3-030-50164-8,Xiaowen Fang,9783030501648,,2020
,"HCI in Mobility, Transport, and Automotive Systems. Automated Driving and In-Vehicle Experience Design",Springer,Computer Science,http://link.springer.com/openurl?genre=book&isbn=978-3-030-50523-3,Heidi Krömker,9783030505233,,2020
,"HCI in Mobility, Transport, and Automotive Systems. Driving Behavior, Urban and Smart Mobility",Springer,Computer Science,http://link.springer.com/openurl?genre=book&isbn=978-3-030-50537-0,Heidi Krömker,9783030505370,,2020
,"HCI International 2020 – Late Breaking Papers: Cognition, Learning and Games",Springer,Computer Science,http://link.springer.com/openurl?genre=book&isbn=978-3-030-60128-7,"Constantine Stephanidis, Don Harris, Wen-Chin Li, Dylan D. Schmorrow, Cali M. Fidopiastis, Panayiotis Zaphiris, Andri Ioannou, Xiaowen Fang, Robert A. Sottilare, Jessica Schwarz",9783030601287,,2020
,"HCI International 2020 – Late Breaking Papers: Digital Human Modeling and Ergonomics, Mobility and Intelligent Environments",Springer,Computer Science,http://link.springer.com/openurl?genre=book&isbn=978-3-030-59987-4,"Constantine Stephanidis, Vincent G. Duffy, Norbert Streitz, Shin'ichi Konomi, Heidi Krömker",9783030599874,,2020
,"HCI International 2020 – Late Breaking Papers: Interaction, Knowledge and Social Media",Springer,Computer Science,http://link.springer.com/openurl?genre=book&isbn=978-3-030-60152-2,"Constantine Stephanidis, Gavriel Salvendy, June Wei, Sakae Yamamoto, Hirohiko Mori, Gabriele Meiselwitz, Fiona Fui-Hoon Nah, Keng Siau",9783030601522,,2020
,HCI International 2020 - Late Breaking Papers: Multimodality and Intelligence,Springer,Computer Science,http://link.springer.com/openurl?genre=book&isbn=978-3-030-60117-1,"Constantine Stephanidis, Masaaki Kurosu, Helmut Degen, Lauren Reinerman-Jones",9783030601171,,2020
,HCI International 2020 – Late Breaking Papers: Universal Access and Inclusive Design,Springer,Computer Science,http://link.springer.com/openurl?genre=book&isbn=978-3-030-60149-2,"Constantine Stephanidis, Margherita Antona, Qin Gao, Jia Zhou",9783030601492,,2020
,HCI International 2020 - Late Breaking Papers: User Experience Design and Case Studies,Springer,Computer Science,http://link.springer.com/openurl?genre=book&isbn=978-3-030-60114-0,"Constantine Stephanidis, Aaron Marcus, Elizabeth Rosenzweig, Pei-Luen Patrick Rau, Abbas Moallem, Matthias Rauterberg",9783030601140,,2020
,HCI International 2020 – Late Breaking Papers: Virtual and Augmented Reality,Springer,Computer Science,http://link.springer.com/openurl?genre=book&isbn=978-3-030-59990-4,"Constantine Stephanidis, Jessie Y. C. Chen, Gino Fragomeni",9783030599904,,2020
,HCI International 2020 – Late Breaking Posters,Springer,Computer Science,http://link.springer.com/openurl?genre=book&isbn=978-3-030-60700-5,"Constantine Stephanidis, Margherita Antona, Stavroula Ntoa",9783030607005,,2020
,HCI International 2020 – Late Breaking Posters,Springer,Computer Science,http://link.springer.com/openurl?genre=book&isbn=978-3-030-60703-6,"Constantine Stephanidis, Margherita Antona, Stavroula Ntoa",9783030607036,,2020
,HCI International 2020 - Posters,Springer,Computer Science,http://link.springer.com/openurl?genre=book&isbn=978-3-030-50726-8,"Constantine Stephanidis, Margherita Antona",9783030507268,,2020
,HCI International 2020 - Posters,Springer,Computer Science,http://link.springer.com/openurl?genre=book&isbn=978-3-030-50732-9,"Constantine Stephanidis, Margherita Antona",9783030507329,,2020
,HCI International 2020 - Posters,Springer,Computer Science,http://link.springer.com/openurl?genre=book&isbn=978-3-030-50729-9,"Constantine Stephanidis, Margherita Antona",9783030507299,,2020
,"HCI Models, Theories, and Frameworks: Toward a Multidisciplinary Science",Morgan Kaufmann,Computer Science,https://www.sciencedirect.com/science/book/9781558608085,John M. Carroll,,,2003
,"HCI Outdoors: Theory, Design, Methods and Applications",Springer,Computer Science,http://link.springer.com/openurl?genre=book&isbn=978-3-030-45289-6,"D. Scott McCrickard, Michael Jones, Timothy L. Stelter",9783030452896,,2020
,HCI Theory,Synthesis Collection of Technology (R0),Computing and Processing,https://doi.org/10.1007/978-3-031-02197-8,Yvonne Rogers,9783031021978,,2012
,Health and Inequality,SAGE Publications Ltd,Health services accessibility,https://doi.org/10.4135/9781849209243,Sarah E Curtis,9781849209243,,2004
,Health Care Engineering Part I,Synthesis Collection of Technology (R0),Bioengineering,https://doi.org/10.1007/978-3-031-01657-8,Monique Frize,9783031016578,,2014
,Health Care Engineering Part II,Synthesis Collection of Technology (R0),Bioengineering,https://doi.org/10.1007/978-3-031-01658-5,Monique Frize,9783031016585,,2014
,Health Information Science,Springer,Computer Science,http://link.springer.com/openurl?genre=book&isbn=978-3-030-61951-0,"Zhisheng Huang, Siuly Siuly, Hua Wang, Rui Zhou, Yanchun Zhang",9783030619510,,2020
,Health Science Research,SAGE Publications Ltd,"Medical sciences, Research",https://doi.org/10.4135/9781849209250,Jennifer Peat,9781849209250,,2002
,Heat and Mass Transfer,McGraw Hill,MechanicalEngineering,https://resolver.vitalsource.com/9781259084058/?brand=mcgrawhillindia.vitalsource.com  ,Nag,,3rd ed.,2011
,Heat and Mass Transfer,McGraw Hill,MechanicalEngineering,https://resolver.vitalsource.com/9781259084409/?brand=mcgrawhillindia.vitalsource.com  ,Dixit,,,2015
,Heat and Mass Transfer (In SI Units),McGraw Hill,Mechanical Engineering,https://resolver.vitalsource.com/9789390185290/?brand=mcgrawhillindia.vitalsource.com  ,Cengel,,6th ed.,2020
,Heat Convection,Springer Nature,Engineering,https://doi.org/10.1007/978-3-642-02971-4,Latif M. Jiji,9783642029714,,2009
,Heat Transfer,PHI,Chemical Engineering,https://elibrary.phindia.com/ebooks/reader/9788196378905,"Dutta, Binay K.",9788196378905,2nd ed.,2025
,Heat Transfer:Principles and Applications,PHI,Chemical,https://elibrary.phindia.com/ebooks/reader/9789390544592,Dutta,9789390544592,,2018
,Heavy Ion Interactions Around the Coulomb Barrier,Springer,Physics,http://dx.doi.org/10.1007/3-540-50578-4,"C. Signorini, S. Skorka, P. Spolaore, A. Vitturi",9783540460589,317,1988
,Heavy-Ion Collisions,Springer,Physics,http://dx.doi.org/10.1007/BFb0018084,"G. Madurga, M. Lozano",9783540395256,168,1982
,Heidelberg Colloquium on Glassy Dynamics,Springer,Physics,http://dx.doi.org/10.1007/BFb0057505,"J. L. Hemmen, I. Morgenstern",9783540478195,275,1987
,Heidelberg Colloquium on Spin Glasses,Springer,Physics,http://dx.doi.org/10.1007/3-540-12872-7,"J. L. Hemmen, I. Morgenstern",9783540387619,192,1983
,Hermitian and Kählerian Geometry in Relativity,Springer,Physics,http://dx.doi.org/10.1007/3-540-07540-2,E. J. Flaherty,9783540380689,46,1976
,Hermitian K-Theory and Geometric Applications,Springer,Mathematics,http://dx.doi.org/10.1007/BFb0061366,H. Bass,9783540377733,343,1973
,Heterocyclic Chemistry,New Age International,"Science , Chemistry",http://elib4u.ipublishcentral.com/product/heterocyclic-chemistry ,Raj K Bansal,9788122457025,6th ed.,2020
,Heterogeneous Catalysis,New Age International,"Chemical & Biochemical , Engineering , Chemistry , Science",http://elib4u.ipublishcentral.com/product/heterogeneous-catalysis50168805 ,"D K Chakrabarty  , B Viswanathan",9788122470529,,2008
,Heterogeneous Computing,Association for Computing Machinery,Electrical and Electronic Engineering,https://dl.acm.org/citation.cfm?id=3281649,Mohamed Zahran,9781450360982,,2019
,Heterogeneous Facial Analysis and Synthesis,Springer,Computer Science,http://link.springer.com/openurl?genre=book&isbn=978-981-13-9148-4,"Yi Li, Huaibo Huang, Ran He, Tieniu Tan",9789811391484,,2020
,Heterogeneous SoC Design and Verification,Synthesis Collection of Technology (R0),Circuits and Systems,https://doi.org/10.1007/978-3-031-56152-8,Khaled Salah Mohamed,9783031561528,,2024
,Heterogeneous Spatial Data,Synthesis Collection of Technology (R0),"Computing and Processing, General Topics for Engineers",https://doi.org/10.1007/978-3-031-02589-1,"Giuseppe Patanè, Michela Spagnuolo",9783031025891,,2016
,Heteroskedasticity in Regression,SAGE Publications Ltd,Heteroskedasticity,https://doi.org/10.4135/9781452270128,Robert L. Kaufman,9781452270128,,2013
,Heuristic Inquiry,SAGE Publications Ltd,Heuristic Inquiry,https://doi.org/10.4135/9781071802632,Thanem,9781071802632,,2019
,Heuristic Research,SAGE Publications Ltd,Heuristic,https://doi.org/10.4135/9781412995641,Clark Moustakas,9781412995641,,1990
,Hf-Based High-k Dielectrics,Synthesis Collection of Technology (R0),"Engineered Materials, Dielectrics and Plasmas",https://doi.org/10.1007/978-3-031-02552-5,"Young-Hee Kim, Jack C. Lee",9783031025525,,2005
,Hidden Assets,Springer US,"Organization, Human Resource Management, ",http://link.springer.com/10.1007/b100335,"Ehin, Charles",9781402080821,,2004
,Hierarchical Associative Processing System,Springer,Computer Science,http://dx.doi.org/10.1007/3-540-15652-6,Heinrich J. Stüttgen,9783540395591,195,1985
,Hierarchical Linear Modeling,SAGE Publications Ltd,Linear Modeling,https://doi.org/10.4135/9781483384450,G. David Garson,9781483384450,,2013
,High Accuracy Computing Methods,Cambridge University Press,Engineering,https://doi.org/10.1017/CBO9781139151825,Tapan Sengupta,9781139151825,,2012
,High Dynamic Range Image Reconstruction,Synthesis Collection of Technology (R0),Computing and Processing,https://doi.org/10.1007/978-3-031-79522-0,"Asla M. Sa, Paulo Cezar Carvalho, Luiz Velho",9783031795220,,2007
,High Dynamic Range Video,Synthesis Collection of Technology (R0),Computing and Processing,https://doi.org/10.1007/978-3-031-79528-2,"Karol Myszkowski, Rafal Mantiuk, Grzegorz Krawczyk",9783031795282,,2008
,High Fidelity Haptic Rendering,Synthesis Collection of Technology (R0),Computing and Processing,https://doi.org/10.1007/978-3-031-79519-0,"Miguel A. Otaduy, Ming C. Lin",9783031795190,,2006
,High Level Structures for Quantum Computing,Synthesis Collection of Technology (R0),Computing and Processing,https://doi.org/10.1007/978-3-031-02516-7,Jaroslaw Miszczak,9783031025167,,2012
,High Performance Computing,Springer,Computer Science,http://link.springer.com/openurl?genre=book&isbn=978-3-030-41005-6,"Juan Luis Crespo-Mariño, Esteban Meneses-Rojas",9783030410056,,2020
,High Performance Computing,Springer,Computer Science,http://link.springer.com/openurl?genre=book&isbn=978-3-030-50743-5,"Ponnuswamy Sadayappan, Bradford L. Chamberlain, Guido Juckeland, Hatem Ltaief",9783030507435,,2020
,High Performance Computing,Springer,Computer Science,http://link.springer.com/openurl?genre=book&isbn=978-3-030-59851-8,"Heike Jagode, Hartwig Anzt, Guido Juckeland, Hatem Ltaief",9783030598518,,2020
,High Performance Computing Systems,Springer,Computer Science,http://link.springer.com/openurl?genre=book&isbn=978-3-030-41050-6,"Calebe Bianchini, Carla Osthoff, Paulo Souza, Renato Ferreira",9783030410506,,2020
,High Performance Datacenter Networks,Synthesis Collection of Technology (R0),Computing and Processing,https://doi.org/10.1007/978-3-031-01730-8,"Dennis Abts, John Kim",9783031017308,,2011
,High Performance Transaction Systems,Springer,Computer Science,http://dx.doi.org/10.1007/3-540-51085-0,"Dieter Gawlick, Mark Haynie, Andreas Reuter",9783540461555,359,1989
,High Resolution in Solar Physics,Springer,Physics,http://dx.doi.org/10.1007/BFb0022390,Richard Muller,9783540396086,233,1985
,High Voltage Insulation Engineering,New Age International,"Engineering , Electrical Engineering",http://elib4u.ipublishcentral.com/product/high-voltage-insulation-engineering ,"Ravindra Arora  , Wolfgang Mosch",9788122470611,,1995
,"High-Energy Ion-Atom Collisions: Proceedings of the 3rd Workshop on High-Energy Ion-Atom Collisions Held in Debrecen, Hungary",Springer,Physics,http://dx.doi.org/10.1007/3-540-18732-4,"D. Berényi, G. Hock",9783540481294,294,1988
,"High-Energy Ion-Atom Collisions: Proceedings of the 4th Workshop on High-Energy Ion-Atom Collision Processes Held in Debrecen, Hungary",Springer,Physics,http://dx.doi.org/10.1007/3-540-53738-4,"D. Berényi, G. Hock",9783540470809,376,1991
,Higher Algebraic K-Theory: an overview,Springer,Mathematics,http://dx.doi.org/10.1007/BFb0088876,"Emilio Lluis-Puebla, Jean-Louis Loday, Henri Gillet, Christophe Soulé, Victor Snaith",9783540466390,1491,1992
,Higher Arithmetic : An Introduction to the Theory of Numbers,Cambridge University Press,"Mathematics, Number Theory",https://doi.org/10.1017/CBO9780511818097,Davenport,9780511818097,8th ed.,2024
,Higher Engineering Mathematics,McGraw Hill,Core Engineering,https://resolver.vitalsource.com/9789339216016/?brand=mcgrawhillindia.vitalsource.com  ,"Ramana, B. V.",,,2006
,Higher K-Theories,Springer,Mathematics,http://dx.doi.org/10.1007/BFb0067048,H. Bass,9783540377672,341,1973
,Higher Order Contact of Submanifolds of Homogeneous Spaces,Springer,Mathematics,http://dx.doi.org/10.1007/BFb0068415,Gary R. Jensen,9783540371205,610,1977
,"Higher Order Logic Theorem Proving and Its Applications: 6th International Workshop, HUG '93 Vancouver, B. C., Canada",Springer,Computer Science,http://dx.doi.org/10.1007/3-540-57826-9,"Jeffrey J. Joyce, Carl-Johan H. Seger",9783540483465,780,1994
,"Higher Order Logic Theorem Proving and Its Applications: 7th International Workshop Valletta, Malta",Springer,Computer Science,http://dx.doi.org/10.1007/3-540-58450-1,"Thomas F. Melham, Juanito Camilleri",9783540488033,859,1994
,"Higher Order Logic Theorem Proving and Its Applications: 8th International Workshop Aspen Grove, UT, USA",Springer,Computer Science,http://dx.doi.org/10.1007/3-540-60275-5,"E. Thomas Schubert, Philip J. Windley, James Alves-Foss",9783540447849,971,1995
,Higher Set Theory,Springer,Mathematics,http://dx.doi.org/10.1007/BFb0103096,"Gert H. Müller, Dana S. Scott",9783540357490,669,1978
,"Higher-Order Algebra, Logic, and Term Rewriting: First International Workshop, HOA'93 Amsterdam, The Netherlands",Springer,Computer Science,http://dx.doi.org/10.1007/3-540-58233-9,"Jan Heering, Karl Meinke, Bernhard Möller, Tobias Nipkow",9783540485797,816,1994
,"Higher-Order Algebra, Logic, and Term Rewriting: Second International Workshop, HOA '95 Paderborn, Germany",Springer,Computer Science,http://dx.doi.org/10.1007/3-540-61254-8,"Gilles Dowek, Jan Heering, Karl Meinke, Bernhard Möller",9783540683896,1074,1996
,Higher-Order FDTD Schemes for Waveguides and Antenna Structures,Synthesis Collection of Technology (R0),"Fields, Waves and Electromagnetics",https://doi.org/10.1007/978-3-031-01688-2,"Nikolaos V. Kantartzis, Theodoros D. Tsiboukis",9783031016882,,2006
,"Highlights in Practical Applications of Agents, Multi-Agent Systems, and Trust-worthiness. The PAAMS Collection",Springer,Computer Science,http://link.springer.com/openurl?genre=book&isbn=978-3-030-51999-5,"Fernando De La Prieta, Philippe Mathieu, Jaime Andrés Rincón Arango, Alia El Bolock, Elena Del Val, Jaume Jordán Prunera, João Carneiro, Rubén Fuentes, Fernando Lopes, Vicente Julian",9783030519995,,2020
,High-Order Finite Difference and Finite Element Methods for Solving Some Partial Differential Equations,Synthesis Collection of Technology (R0),Mathematics,https://doi.org/10.1007/978-3-031-44784-6,Ulziibayar Vandandoo... (et al.),9783031447846,,2024
,High-Performance and High-Speed Pipelined ADCs,Synthesis Collection of Technology (R0),Circuits and Systems,https://doi.org/10.1007/978-3-031-29700-7,Manar El-Chammas,9783031297007,,2023
,"High-Performance Computing and Networking: International Conference and Exhibition HPCN EUROPE 1996 Brussels, Belgium",Springer,Computer Science,http://dx.doi.org/10.1007/3-540-61142-8,"Heather Liddell, Adrian Colbrook, Bob Hertzberger, Peter Sloot",9783540499558,1067,1996
,"High-Performance Computing and Networking: International Conference and Exhibition Milan, Italy, May 3–5, 1995 Proceedings",Springer,Computer Science,http://dx.doi.org/10.1007/BFb0046600,"Bob Hertzberger, Giuseppe Serazzi",9783540492429,919,1995
,"High-Performance Computing and Networking: International Conference and Exhibition Munich, Germany, April 18–20, 1994 Proceedings Volume II: Networking and Tools",Springer,Computer Science,http://dx.doi.org/10.1007/3-540-57981-8,"Wolfgang Gentzsch, Uwe Harms",9783540484080,797,1994
,"High-Performance Computing and Networking: International Conference and Exhibition Munich, Germany, April 18–20, 1994 Proceedings, Volume I: Applications",Springer,Computer Science,http://dx.doi.org/10.1007/BFb0020340,"Wolfgang Gentzsch, Uwe Harms",9783540484066,796,1994
,"High-Performance Computing Systems and Technologies in Scientific Research, Automation of Control and Production",Springer,Computer Science,http://link.springer.com/openurl?genre=book&isbn=978-3-030-66895-2,"Vladimir Jordan, Nikolay Filimonov, Ilya Tarasov, Vladimir Faerman",9783030668952,,2020
,High-Resolution and High-Speed Integrated CMOS AD Converters for Low-Power Applications ,Springer Nature,Engineering,https://doi.org/10.1007/978-3-319-62012-1,"Weitao Li, Fule Li, Zhihua Wang",9783319620121,,2018
,High-Robust Control Schemes for Dual-Active-Bridge-Based DC–DC Converter Systems in Renewable Energy Applications,Synthesis Collection of Technology (R0),Electrical Engineering,https://doi.org/10.1007/978-3-031-72963-8,Nie Hou,9783031729638,,2025
,High-Speed Digital System Design,Synthesis Collection of Technology (R0),"Components, Circuits, Devices and Systems",https://doi.org/10.1007/978-3-031-79740-8,Justin Davis,9783031797408,,2006
,High-Temperature Superconductors,Synthesis Collection of Technology (R0),Materials Science,https://doi.org/10.1007/978-3-031-66974-3,Rainer Wesche,9783031669743,,2025
,Hilbert Schemes of Zero-Dimensional Subschemes of Smooth Varieties,Springer,Mathematics,http://dx.doi.org/10.1007/BFb0073491,Lothar Göttsche,9783540483380,1572,1994
,Hilbert Space Operators,Springer,Mathematics,http://dx.doi.org/10.1007/BFb0064656,"John M. Bachar, Donald W. Hadwin",9783540355571,693,1978
,Hindutv-Mukt Bharat,SAGE,"Social & Cultural Anthropology, Political Theory & Thought",https://evidya.sagepub.in/library/hindutv-mukt-bharat?bookId=3478&siteName=evidya,Kancha Ilaiah,,,2017
,History of Human Factors and Ergonomics,CRC Press,Cognitive Ergonomics,http://www.taylorfrancis.com/books/Cognitive Ergonomics,David Meister,9781315276069,,2018
,History of Psycholinguistics: The Pre-Chomskyan Era,Oxford University Press ,Cognitive Psychology,https://doi.org/10.1093/acprof:oso/9780199653669.001.0001,W. Levelt,9780191742040,,2013
,Hitting the Wall,Synthesis Collection of Technology (R0),General Topics for Engineers,https://doi.org/10.1007/978-3-031-79423-0,Richard Caputo,9.78303E+12,,2009
,"Hodge Cycles, Motives, and Shimura Varieties",Springer,Mathematics,https://doi.org/10.1007/978-3-540-38955-2,"Pierre Deligne, James S. Milne, Arthur Ogus, Kuang-yen Shih",9.78354E+12,900,1981
,Hodge Decomposition—A Method for Solving Boundary Value Problems,Springer,Mathematics,https://doi.org/10.1007/BFb0095978,Günter Schwarz,9.78354E+12,1607,1995
,Hodge Theory,Springer,Mathematics,https://doi.org/10.1007/BFb0077524,"Eduardo Cattani, Aroldo Kaplan, Francisco Guillén, Fernando Puerta",9.78354E+12,1246,1987
,Hole-Drilling Method for Measuring Residual Stresses,Synthesis Collection of Technology (R0),"Components, Circuits, Devices and Systems, Power, Energy and Industry Applications",https://doi.org/10.1007/978-3-031-79713-2,"Gary S. Schajer, Philip S. Whitehead",9.78303E+12,,2018
,Holomorphic Dynamics,Springer,Mathematics,https://doi.org/10.1007/BFb0081393,"Xavier Gomez-Mont, José A. Seade, Alberto Verjovski",9.78354E+12,1345,1988
,Holomorphic Vector Bundles over Compact Complex Surfaces,Springer,Mathematics,https://doi.org/10.1007/BFb0093696,Vasile Brînzănescu,9.78354E+12,1624,1996
,Homogeneous Bounded Domains and Siegel Domains,Springer,Mathematics,https://doi.org/10.1007/BFb0060967,Soji Kaneyuki,9.78354E+12,241,1971
,Homogenization Techniques for Composite Media,Springer,Physics,https://doi.org/10.1007/3-540-17616-0,"Enrique Sanchez-Palencia, André Zaoui",9.78354E+12,272,1987
,Homology in Group Theory,Springer,Mathematics,https://doi.org/10.1007/BFb0067177,Urs Stammbach,9.78354E+12,359,1973
,Homology of Classical Groups Over Finite Fields and Their Associated Infinite Loop Spaces,Springer,Mathematics,https://doi.org/10.1007/BFb0062824,"Zbigniew Fiedorowicz, Stewart Priddy",9.78354E+12,674,1978
,Homology of Iterated Loop Spaces,Springer,Mathematics,https://doi.org/10.1007/BFb0080464,"Frederick R. Cohen, Thomas J. Lada, J. Peter May",9.78354E+12,533,1976
,Homology of Locally Semialgebraic Spaces,Springer,Mathematics,https://doi.org/10.1007/BFb0093939,Hans Delfs,9.78354E+12,1484,1991
,Homotopical Algebra,Springer,Mathematics,https://doi.org/10.1007/BFb0097438,Daniel G. Quillen,9.78354E+12,43,1967
,Homotopie des Espaces de Sections,Springer,Mathematics,https://doi.org/10.1007/BFb0094692,André Legrand,9.78354E+12,941,1982
,"Homotopie Rationnelle: Modèles de Chen, Quillen, Sullivan",Springer,Mathematics,https://doi.org/10.1007/BFb0071482,Daniel Tanré,9.78354E+12,1025,1983
,Homotopy Equivalences of 3-Manifolds with Boundaries,Springer,Mathematics,https://doi.org/10.1007/BFb0085406,Klaus Johannson,9.78354E+12,761,1979
,Homotopy Invariant Algebraic Structures on Topological Spaces,Springer,Mathematics,https://doi.org/10.1007/BFb0068547,"J. M. Boardman, R. M. Vogt",9.78354E+12,347,1973
,"Homotopy Limits, Completions and Localizations",Springer,Mathematics,https://doi.org/10.1007/978-3-540-38117-4,"Aldridge K. Bousfield, Daniel M. Kan",9.78354E+12,304,1972
,Homotopy Theory and Related Topics,Springer,Mathematics,https://doi.org/10.1007/BFb0083687,Mamoru Mimura,9.78354E+12,1418,1990
,Hopf Algebras and Galois Theory,Springer,Mathematics,https://doi.org/10.1007/BFb0101433,"Stephen U. Chase, Moss E. Sweedler",9.78354E+12,97,1969
,Hot Spots in Extragalactic Radio Sources,Springer,Physics,https://doi.org/10.1007/BFb0036008,"Klaus Meisenheimer, Hermann-Josef Röser",9.78354E+12,327,1989
,How Circuits Work,Synthesis Collection of Technology (R0),Circuits and Systems,https://doi.org/10.1007/978-3-031-34934-8,Stanislaw Raczynski,9.78303E+12,,2023
,How Circuits Work,Synthesis Collection of Technology (R0),Circuits and Systems,https://doi.org/10.1007/978-3-031-77840-7,Stanislaw Raczynski,9.78303E+12,2nd ed.,2024
,"How Lives Change: Palanpur, India, and Development Economics",Oxford University Press,Public Economics ,https://doi.org/10.1093/oso/9780198806509.001.0001,Himanshu et al,9780191844102,,2018
,How Many Subjects?,SAGE Publications Ltd,How Many Subjects,https://doi.org/10.4135/9781483398761,Helena Chmura Kraemer; Christine Blasey,9781483398761,2nd ed.,2016
,How to Ask Survey Questions,SAGE Publications Ltd,Survey Questions,https://doi.org/10.4135/9781412984393,Arlene Fink,9781412984393,2nd ed.,2002
,How To Assess and Interpret Survey Psychometrics,SAGE Publications Ltd,Survey Psychometrics,https://doi.org/10.4135/9781412984409,Mark S Litwin,9781412984409,2nd ed.,2002
,How to Build Social Science Theories,SAGE Publications Ltd,"Sociology, Methodology",https://doi.org/10.4135/9781412990110,"Pamela J. Shoemaker; James William Tankard, Jr.; Dominic L. Lasorsa",9781412990110,,2004
,How to Conduct In-Person Interviews for Surveys,SAGE Publications Ltd,Person Interviews for Surveys,https://doi.org/10.4135/9781412984416,Sabine Mertens Oishi,9781412984416,2nd ed.,2002
,How to Conduct Self-Administered and Mail Surveys,SAGE Publications Ltd,Mail Surveys,https://doi.org/10.4135/9781412984430,Eve P Fielder; Linda Bourque,9781412984430,2nd ed.,2002
,How to Conduct Telephone Surveys,SAGE Publications Ltd,Telephone Surveys,https://doi.org/10.4135/9781412984423,Eve P. Fielder; Linda Bourque,9781412984423,2nd ed.,2002
,How To Design Survey Studies,SAGE Publications Ltd,Survey Studies,https://doi.org/10.4135/9781412984447,Arlene Fink,9781412984447,2nd ed.,2002
,"How to Design, Write, and Present a Successful Dissertation Proposal",SAGE Publications Ltd,Dissertation Proposal,https://doi.org/10.4135/9781412984447,Elizabeth A. Wentz,9781506374710,,2014
,How to Develop Children as Researchers,SAGE Publications Ltd,"Research, Study and teaching",https://doi.org/10.4135/9781446212288,Mary Kellett,9781446212288,,2005
,How to Do Things with Silence,De Gruyter,"Systematic Theology and Philosophy of Religion , Systematic Theology and Philosophy of Religion",http://www.degruyter.com/isbn/9781501501449,"Khatchadourian, Haig",9781501501449,,2015
,"How to Manage, Analyze, and Interpret Survey Data",SAGE Publications Ltd,Survey Data,ttps://doi.org/10.4135/9781412984454,Arlene Fink,9781412984454,2nd ed.,2002
,How to Measure Survey Reliability and Validity,SAGE Publications Ltd,Survey Reliability,https://doi.org/10.4135/9781483348957,Mark S. Litwin,9781483348957,,1995
,How to Multiply Matrices Faster,Springer,Computer Science,http://dx.doi.org/10.1007/3-540-13866-8,Victor Pan,9783540390589,179,1984
,How to Publish Your Communication Research: An Insider’s Guide,SAGE Publications Ltd,Scholarly publishing,https://doi.org/10.4135/9781412990066,Alison Alexander; W. James Potter,9781412990066,,2001
,How To Report On Surveys,SAGE Publications Ltd,Surveys,https://doi.org/10.4135/9781412984461,Arlene Fink,9781412984461,2nd ed.,2002
,How to Sample in Surveys,SAGE Publications Ltd,Sample in Surveys,https://doi.org/10.4135/9781412984478,Arlene Fink,9781412984478,2nd ed.,2002
,How To Solve Organic Reaction Mechanisms - A Stepwise Approach,Wiley,"Chemistry, Organic Chemistry",https://onlinelibrary.wiley.com/doi/book/10.1002/9781118698532,Moloney,9781118698532,,2015
,How to Study,SAGE Publications Ltd,Study skills,https://doi.org/10.4135/9780857025036,Joan Turner,9780857025036,,2002
,How to Think about Algorithms,Cambridge University Press,"Algorithms, Complexity, and Theory of Computing,Computer Science,Mathematics,Optimisation",https://doi.org/10.1017/9781009302180,Edmonds,9781009302180,2nd ed.,2009
,How to Use SPSS Syntax,SAGE Publications Ltd,SPSS ,https://doi.org/10.4135/9781483378503,Manfred te Grotenhuis; Chris Visscher,9781483378503,,2014
,How We Cope with Digital Technology,Synthesis Collection of Technology (R0),Computing and Processing,https://doi.org/10.1007/978-3-031-02201-2,Phil Turner,9783031022012,,2013
,H-Spaces,Springer,Mathematics,http://dx.doi.org/10.1007/BFb0067737,"A. Dold, B. Eckmann",9783540366218,196,1971
,H-spaces from a Homotopy Point of View,Springer,Mathematics,http://dx.doi.org/10.1007/BFb0065896,James Stasheff,9783540363149,161,1970
,HTML and CSS - Design and Build Websites,Wiley India,Engineering,https://ebooks.wileyindia.com/product-details/394331,Duckett,9789354645426,,2023
,"HTML, CSS, & JavaScript All-in-One For Dummies",Wiley India,Engineering,https://ebooks.wileyindia.com/product-details/482370,Paul McFedries,9789363862838,,2024
,Hughes Electrical and Electronic Technology,Pearson Education,Engineering: Electrical Engineering,https://ebookcentral.proquest.com/lib/iitdelhi/detail.action?docID=5185620,"Hughes, Edward;Hiley, John;McKenzie-Smith, Ian;Brown, Keith",9781292093086,12th ed.,2016
,Human Aspects of Information Security and Assurance,Springer,Computer Science,http://link.springer.com/openurl?genre=book&isbn=978-3-030-57404-8,"Nathan Clarke, Steven Furnell",9783030574048,,2020
,Human Aspects of IT for the Aged Population. Healthy and Active Aging,Springer,Computer Science,http://link.springer.com/openurl?genre=book&isbn=978-3-030-50249-2,"Qin Gao, Jia Zhou",9783030502492,,2020
,"Human Aspects of IT for the Aged Population. Technologies, Design and User Experience",Springer,Computer Science,http://link.springer.com/openurl?genre=book&isbn=978-3-030-50252-2,"Qin Gao, Jia Zhou",9783030502522,,2020
,Human Aspects of IT for the Aged Population. Technology and Society,Springer,Computer Science,http://link.springer.com/openurl?genre=book&isbn=978-3-030-50232-4,"Qin Gao, Jia Zhou",9783030502324,,2020
,Human Behavior Analysis: Sensing and Understanding,Springer,Computer Science,http://link.springer.com/openurl?genre=book&isbn=978-981-15-2109-6,"Zhiwen Yu, Zhu Wang",9789811521096,,2020
,Human Centric Visual Analysis with Deep Learning,Springer,Computer Science,http://link.springer.com/openurl?genre=book&isbn=978-981-13-2387-4,"Liang Lin, Dongyu Zhang, Ping Luo, Wangmeng Zuo",9789811323874,,2020
,Human Computation,Synthesis Collection of Technology (R0),Computing and Processing,https://doi.org/10.1007/978-3-031-01555-7,"Edith Law, Luis von Ahn",9783031015557,,2011
,Human Computer Interaction,McGraw Hill,Computer Science,https://resolver.vitalsource.com/9789353168056/?brand=mcgrawhillindia.vitalsource.com  ,Bhattacharya,,,2019
,Human Computer Interaction,Springer,Computer Science,http://dx.doi.org/10.1007/3-540-57312-7,"Thomas Grechenig, Manfred Tscheligi",9783540480525,733,1993
,Human Emotion Recognition from Face Images,Springer,Computer Science,http://link.springer.com/openurl?genre=book&isbn=978-981-15-3883-4,"Paramartha Dutta, Asit Barman",9789811538834,,2020
,Human Factors in Healthcare,Synthesis Collection of Technology (R0),"Bioengineering, Communication, Networking and Broadcast Technologies, Computing and Processing, Components, Circuits, Devices and Systems",https://doi.org/10.1007/978-3-031-01602-8,Avi Parush,9783031016028,,2017
,Human Interaction with Graphs,Synthesis Collection of Technology (R0),"Computing and Processing, General Topics for Engineers",https://doi.org/10.1007/978-3-031-01861-9,"Sourav S. Bhowmick, Byron Choi, Chengkai Li",9783031018619,,2018
,Human Interface and the Management of Information. Designing Information,Springer,Computer Science,http://link.springer.com/openurl?genre=book&isbn=978-3-030-50020-7,"Sakae Yamamoto, Hirohiko Mori",9783030500207,,2020
,Human Interface and the Management of Information. Interacting with Information,Springer,Computer Science,http://link.springer.com/openurl?genre=book&isbn=978-3-030-50017-7,"Sakae Yamamoto, Hirohiko Mori",9783030500177,,2020
,Human Language Technology. Challenges for Computer Science and Linguistics,Springer,Computer Science,http://link.springer.com/openurl?genre=book&isbn=978-3-030-66527-2,"Zygmunt Vetulani, Patrick Paroubek, Marek Kubis",9783030665272,,2020
,Human Mental Workload: Models and Applications,Springer,Computer Science,http://link.springer.com/openurl?genre=book&isbn=978-3-030-62302-9,"Luca Longo, Maria Chiara Leva",9783030623029,,2020
,Human Resources Program-Evaluation Handbook,SAGE Publications Ltd,Personnel management,https://doi.org/10.4135/9781412986199,Jack E. Edwards; John C. Scott; Nambury S. Raju,9781412986199,,2003
,Human Side of Engineering,Synthesis Collection of Technology (R0),Computing and Processing,https://doi.org/10.1007/978-3-031-79379-0,John Heywood,9783031793790,,2017
,Human-Centered Data Discovery,Synthesis Collection of Technology (R0),Data Mining,https://doi.org/10.1007/978-3-031-18223-5,"Kathleen Gregory, Laura Koesten",9783031182235,,2022
,Human-Centered Software Engineering,Springer,Computer Science,http://link.springer.com/openurl?genre=book&isbn=978-3-030-64266-2,"Regina Bernhaupt, Carmelo Ardito, Stefan Sauer",9783030642662,,2020
,Human-Centric AI with Common Sense,Synthesis Collection of Technology (R0),Artificial Intelligence,https://doi.org/10.1007/978-3-031-69974-0,Filip Ilievski,9783031699740,,2024
,Human-Centric Computing in a Data-Driven Society,Springer,Computer Science,http://link.springer.com/openurl?genre=book&isbn=978-3-030-62803-1,"David Kreps, Taro Komukai, T. V. Gopal, Kaori Ishii",9783030628031,,2020
,Human-Computer Interaction,Springer,Computer Science,http://link.springer.com/openurl?genre=book&isbn=978-3-030-66919-5,"Vanessa Agredo-Delgado, Pablo H. Ruiz, Klinge Orlando Villalba-Condori",9783030669195,,2020
,Human-Computer Interaction Fundamentals,CRC Press,Cognitive Ergonomics,http://www.taylorfrancis.com/books/Cognitive Ergonomics,"Andrew Sears, Julie A. Jacko",9780429143632,,2009
,"Human-Computer Interaction: 4th International Conference, EWHCI '94 St. Petersburg, Russia",Springer,Computer Science,http://dx.doi.org/10.1007/3-540-58648-2,"Brad Blumenthal, Juri Gornostaev, Claus Unger",9783540490364,876,1994
,"Human-Computer Interaction: 5th International Conference, EWHCI '95 Moscow, Russia",Springer,Computer Science,http://dx.doi.org/10.1007/3-540-60614-9,"Brad Blumenthal, Juri Gornostaev, Claus Unger",9783540484844,1015,1995
,Human-Computer Interaction: Design and User Experience,Springer,Computer Science,http://link.springer.com/openurl?genre=book&isbn=978-3-030-49059-1,Masaaki Kurosu,9783030490591,,2020
,"Human-Computer Interaction: Design Issues, Solutions, and Applications",CRC Press,Cognitive Ergonomics,http://www.taylorfrancis.com/books/Cognitive Ergonomics,"Andrew Sears, Julie A. Jacko",9780429143656,,2009
,Human-Computer Interaction: Designing for Diverse Users and Domains,CRC Press,Cognitive Ergonomics,http://www.taylorfrancis.com/books/Cognitive Ergonomics,"Andrew Sears, Julie A. Jacko",9780429139383,,2009
,Human-Computer Interaction: Human Values and Quality of Life,Springer,Computer Science,http://link.springer.com/openurl?genre=book&isbn=978-3-030-49065-2,Masaaki Kurosu,9783030490652,,2020
,Human-Computer Interaction: Multimodal and Natural Interaction,Springer,Computer Science,http://link.springer.com/openurl?genre=book&isbn=978-3-030-49062-1,Masaaki Kurosu,9783030490621,,2020
,"Human-Computer Interaction: Third International Conference, EWHCI '93 Moscow, Russia",Springer,Computer Science,http://dx.doi.org/10.1007/3-540-57433-6,"Leonard J. Bass, Juri Gornostaev, Claus Unger",9783540481522,753,1993
,Human-Computer Interactions in Museums,Synthesis Collection of Technology (R0),"Computing and Processing, General Topics for Engineers",https://doi.org/10.1007/978-3-031-02225-8,"Eva Hornecker, Luigina Ciolfi",9783031022258,,2019
,Humanistic HCI,Synthesis Collection of Technology (R0),"Computing and Processing, General Topics for Engineers",https://doi.org/10.1007/978-3-031-02214-2,"Jeffrey Bardzell, Shaowen Bardzell",9783031022142,,2015
,Humanitarian Engineering,Synthesis Collection of Technology (R0),Engineering Profession,https://doi.org/10.1007/978-3-031-79964-8,"Carl Mitcham, David Munoz",9783031799648,,2010
,Humanizing Research,SAGE Publications Ltd,Humanizing Research,https://doi.org/10.4135/9781544329611,Maisha T. Winn; Django Paris,9781544329611,,2014
,Hunting Causes and Using Them,Cambridge University Press,"Economics,Philosophy, Economic Thought, Philosophy and Methodology,Philosophy of Science",https://doi.org/10.1017/CBO9780511618758,Cartwright,9780511618758,,2010
,HVDC Grids: For Offshore and Super grid of Future,Wiley,Physical Sciences & Engineering,https://onlinelibrary.wiley.com/doi/book/10.1002/9781119115243,Hertem D. V.,9781119115243,,2016
,Hybrid Artificial Intelligent Systems,Springer,Computer Science,http://link.springer.com/openurl?genre=book&isbn=978-3-030-61705-9,"Enrique Antonio de la Cal, José Ramón Villar Flecha, Héctor Quintián, Emilio Corchado",9783030617059,,2020
,Hybrid Graph Theory and Network Analysis,Cambridge University Press,"Mathematics,Computer Science, Algorithmics, Complexity, Computer Algebra, Computational Geometry,Discrete Mathematics Information Theory and Coding",https://doi.org/10.1017/CBO9780511666391,Novak/Gibbons,9780511666391,,2010
,Hybrid Imagination,Synthesis Collection of Technology (R0),Engineering Profession,https://doi.org/10.1007/978-3-031-79974-7,"Andrew Jamison, Steen Hyldgaard Christensen, Lars Botin",9783031799747,,2011
,Hybrid Systems,Springer,Computer Science,http://dx.doi.org/10.1007/3-540-57318-6,"Robert L. Grossman, Anil Nerode, Anders P. Ravn, Hans Rischel",9783540480600,736,1993
,Hybrid Systems II,Springer,Computer Science,http://dx.doi.org/10.1007/3-540-60472-3,"Panos Antsaklis, Wolf Kohn, Anil Nerode, Shankar Sastry",9783540475194,999,1995
,Hybrid Systems III,Springer,Computer Science,http://dx.doi.org/10.1007/BFb0020931,"Rajeev Alur, Thomas A. Henzinger, Eduardo D. Sontag",9783540683346,1066,1996
,Hydraulic Principles and Design Concepts for Submain Units with Multiple Outlet Pipelines,Synthesis Collection of Technology (R0),Geoengineering,https://doi.org/10.1007/978-3-031-32495-6,Gürol Yıldırım,9783031324956,,2023
,Hydrogen as an Energy Carrier,Springer Nature,Chemistry and Materials Science,https://link.springer.com/openurl?genre=book&isbn=978-3-642-61561-0,"Carl-Jochen Winter, Joachim Nitsch",9783642615610,,1988
,Hydrogen Economy,Cambridge University Press,"Science and Engineering, Social Sciences",https://doi.org/10.1017/CBO9780511635359,Ball/Wietschel,9780511635359,,2012
,Hydrolysis of Metal Ions,Wiley,"Chemistry, Inorganic Chemistry",https://onlinelibrary.wiley.com/doi/book/10.1002/9783527656189,Brown,9783527656189,,2016
,Hyperbolic Cauchy Problem,Springer,Mathematics,http://dx.doi.org/10.1007/BFb0090882,"Kunihiko Kajitani, Tatsuo Nishitani",9783540466550,1505,1991
,Hyperbolic Metamaterials,Institute of Physics Publishing ,"Physcis , Materials",https://iopscience.iop.org/book/978-1-6817-4565-7,"Smolyaninov, I I",9781681745640,,2017
,Hyperedge Replacement: Grammars and Languages,Springer,Computer Science,http://dx.doi.org/10.1007/BFb0013875,Annegret Habel,9783540473404,643,1992
,Hyperfunctions and Pseudo-Differential Equations,Springer,Mathematics,http://dx.doi.org/10.1007/BFb0068143,Hikosaburo Komatsu,9783540385066,287,1973
,Hyperfunctions and Theoretical Physics,Springer,Mathematics,http://dx.doi.org/10.1007/BFb0062913,Frédéric Pham,9783540374541,449,1975
,Hypergraph Seminar,Springer,Mathematics,http://dx.doi.org/10.1007/BFb0066173,"Claude Berge, Dijen Ray-Chaudhuri",9783540378037,411,1974
,Hypermedia Genes,Synthesis Collection of Technology (R0),Computing and Processing,https://doi.org/10.1007/978-3-031-02265-4,"Nuno Guimaraes, Luis Carrico",9783031022654,,2010
,Hyperrésolutions cubiques et descente cohomologique,Springer,Mathematics,http://dx.doi.org/10.1007/BFb0085054,"F. Guillén, V. Navarro Aznar, P. Pascual-Gainza, F. Puerta",9783540699842,1335,1988
,Hypersonic Meteoroid Entry Physics,Institute of Physics Publishing ,"Physcis , Plasmas",https://iopscience.iop.org/book/978-0-7503-1668-2,"Colonna, G",9780750316668,,2019
,Hyperspectral Image Analysis,Springer,Computer Science,http://link.springer.com/openurl?genre=book&isbn=978-3-030-38617-7,"Saurabh Prasad, Jocelyn Chanussot",9783030386177,,2020
,Hypoellipticity and Eigenvalue Asymptotics,Springer,Mathematics,http://dx.doi.org/10.1007/BFb0096096,Charles Rockland,9783540375111,464,1975
,ICDT '86,Springer,Computer Science,http://dx.doi.org/10.1007/3-540-17187-8,"Giorgio Ausiello, Paolo Atzeni",9783540473466,243,1986
,ICDT '88,Springer,Computer Science,http://dx.doi.org/10.1007/3-540-50171-1,"Marc Gyssens, Jan Paredaens, Dirk Gucht",9783540459439,326,1988
,ICDT '90,Springer,Computer Science,http://dx.doi.org/10.1007/3-540-53507-1,"Serge Abiteboul, Paris C. Kanellakis",9783540466826,470,1990
,Iconic Designs,Bloomsbury Design Library,"Design,  History & Criticism",https://doi.org/10.5040/9781474293921?locatt=label:secondary_bloomsburyVisualArts,Grace Lees-Maffei,9781474293921,,2014
,Icosahedral Galois Representations,Springer,Mathematics,http://dx.doi.org/10.1007/BFb0070418,Joe P. Buhler,9783540358183,654,1978
,ICT Education,Springer,Computer Science,http://link.springer.com/openurl?genre=book&isbn=978-3-030-35629-3,"Bobby Tait, Jan Kroeze, Stefan Gruner",9783030356293,,2020
,ICT Innovations 2020. Machine Learning and Applications,Springer,Computer Science,http://link.springer.com/openurl?genre=book&isbn=978-3-030-62098-1,"Vesna Dimitrova, Ivica Dimitrovski",9783030620981,,2020
,ICT Systems Security and Privacy Protection,Springer,Computer Science,http://link.springer.com/openurl?genre=book&isbn=978-3-030-58201-2,"Marko Hölbl, Kai Rannenberg, Tatjana Welzer",9783030582012,,2020
,IGIS '94: Geographic Information Systems,Springer,Computer Science,http://dx.doi.org/10.1007/3-540-58795-0,"Jürg Nievergelt, Thomas Roos, Hans-Jörg Schek, Peter Widmayer",9783540491057,884,1994
,Ill-Posed Boundary-Value Problems,De Gruyter,Analysis,http://www.degruyter.com/isbn/9783110915518,"Temirbolat, Serikkali E.",9783110915518,,2003
,Ill-Posed Internal Boundary Value Problems for the Biharmonic Equation,De Gruyter,Analysis,http://www.degruyter.com/isbn/9783110944815,"Atakhodzhaev, Mukarram A.",9783110944815,,2002
,Ill-Posed Problems with A Priori Information,De Gruyter,Numerical and Computational Mathematics,http://www.degruyter.com/isbn/9783110900118,"Vasin, V. V. / Ageev, A. L.",9783110900118,,1995
,Illustrated Guide to Relativity,Cambridge University Press,"Physics and Astronomy, Astrophysics",https://doi.org/10.1017/CBO9780511779121,Takeuchi,9780511779121,,2010
,Image Analysis and Processing,Springer,Computer Science,http://dx.doi.org/10.1007/3-540-60298-4,"Carlo Braccini, Leila DeFloriani, Gianni Vernazza",9783540447870,974,1995
,Image Analysis and Recognition,Springer,Computer Science,http://link.springer.com/openurl?genre=book&isbn=978-3-030-50347-5,"Aurélio Campilho, Fakhri Karray, Zhou Wang",9783030503475,,2020
,Image Analysis and Recognition,Springer,Computer Science,http://link.springer.com/openurl?genre=book&isbn=978-3-030-50516-5,"Aurélio Campilho, Fakhri Karray, Zhou Wang",9783030505165,,2020
,Image Analysis Applications and Computer Graphics,Springer,Computer Science,http://dx.doi.org/10.1007/3-540-60697-1,"Roland T. Chin, Horace H. S. Ip, Avi C. Naiman, Ting-Chuen Pong",9783540492986,1024,1995
,Image and Graphics Technologies and Applications,Springer,Computer Science,http://link.springer.com/openurl?genre=book&isbn=978-981-33-6033-4,"Yongtian Wang, Xueming Li, Yuxin Peng",9789813360334,,2020
,Image and Signal Processing,Springer,Computer Science,http://link.springer.com/openurl?genre=book&isbn=978-3-030-51935-3,"Abderrahim El Moataz, Driss Mammass, Alamin Mansouri, Fathallah Nouboud",9783030519353,,2020
,Image and Signal Processing for Networked eHealth Applications,Synthesis Collection of Technology (R0),Bioengineering,https://doi.org/10.1007/978-3-031-01609-7,"Ilias G. Maglogiannis, Kostas Karpouzis, Manolis Wallace",9783031016097,,2006
,Image and Video Color Editing,Synthesis Collection of Technology (R0),Computer Graphics,https://doi.org/10.1007/978-3-031-26030-8,Shiguang Liu,9783031260308,,2023
,Image and Video Technology,Springer,Computer Science,http://link.springer.com/openurl?genre=book&isbn=978-3-030-39770-8,"Joel Janek Dabrowski, Ashfaqur Rahman, Manoranjan Paul",9783030397708,,2020
,Image Fusion,Springer,Computer Science,http://link.springer.com/openurl?genre=book&isbn=978-981-15-4867-3,"Gang Xiao, Durga Prasad Bavirisetti, Gang Liu, Xingchen Zhang",9789811548673,,2020
,Image Fusion in Remote Sensing,Synthesis Collection of Technology (R0),"Computing and Processing, Aerospace, Signal Processing and Analysis",https://doi.org/10.1007/978-3-031-02256-2,"Arian Azarang, Nasser Kehtarnavaz",9783031022562,,2021
,Image Processing and Computer Vision in iOS,Springer,Computer Science,http://link.springer.com/openurl?genre=book&isbn=978-3-030-54032-6,Oge Marques,9783030540326,,2020
,Image Schemas and Concept Invention,Springer,Computer Science,http://link.springer.com/openurl?genre=book&isbn=978-3-030-47329-7,Maria M. Hedblom,9783030473297,,2020
,Image Understanding using Sparse Representations,Synthesis Collection of Technology (R0),"Circuits, Devices and Systems, Computing and Processing, Signal Processing and Analysis",https://doi.org/10.1007/978-3-031-02250-0,"Jayaraman J. Thiagarajan, Karthikeyan Natesan Ramamurthy, Pavan Turaga, Andreas Spanias",9783031022500,,2014
,Image Watermarking Techniques,Synthesis Collection of Technology (R0),Computer Science,https://doi.org/10.1007/978-3-031-40974-5,Talbi Mourad,9783031409745,,2024
,Image-Based Modeling of Plants and Trees,Synthesis Collection of Technology (R0),Computing and Processing,https://doi.org/10.1007/978-3-031-01808-4,"Sing Bang Kang, Long Quan",9783031018084,,2010
,Image-Based Visualization,Synthesis Collection of Technology (R0),Computing and Processing,https://doi.org/10.1007/978-3-031-02601-0,Christophe Hurter,9783031026010,,2016
,Images in Social Media,Synthesis Collection of Technology (R0),Computing and Processing,https://doi.org/10.1007/978-3-031-02314-9,"Susanne Ørnager, Haakon Lund",9783031023149,,2018
,Imagination + Technology,Springer,Computer Science,http://link.springer.com/openurl?genre=book&isbn=978-3-030-37348-1,Phil Turner,9783030373481,,2020
,Imaging Processes and Coherence in Physics,Springer,Physics,http://dx.doi.org/10.1007/3-540-09727-9,"M. Schlenker, M. Fink, J. P. Goedgebuer, C. Malgrange, J. Ch. Vieénot, R. H. Wade",9783540385417,112,1980
,Immune Self,Cambridge University Press,"Philosophy,General Science, Philosophy of Science,Science Handbooks",https://doi.org/10.1017/CBO9780511624957,Tauber,9780511624957,,2013
,Immunomodulatory Biomaterials for Cell Therapy and Tissue Engineering,Synthesis Collection of Technology (R0),Biomedical Engineering and Bioengineering,https://doi.org/10.1007/978-3-031-50844-8,"Sudip Mukherjee, Boram Kim, Andrea Hernandez",9783031508448,,2024
,Impact of Climate Change on Drylands,Springer Netherlands,"Atmospheric Sciences, Agricultural Economics, Geography",http://link.springer.com/10.1007/1-4020-2158-5,"Dietz,A. J.",9781402021589,,2004
,Impact of the Social Sciences,SAGE Publications Ltd,"Social sciences,  Research",https://doi.org/10.4135/9781473921511,Patrick Dunleavy; Simon Bastow; Jane Tinkler,9781473921511,,2014
,"Impedance spectroscopy: theory, experiment, and applications",Wiley,"Spectroscopy, Electrochemical analysis",https://onlinelibrary.wiley.com/doi/book/10.1002/9781119381860,"Evgenij Barsoukov, J. Ross Macdonald",9781119381860,3rd ed.,2018
,Implanted Antennas in Medical Wireless Communications,Synthesis Collection of Technology (R0),"Components, Circuits, Devices and Systems",https://doi.org/10.1007/978-3-031-01531-1,"Yahya Rahmat-Samii, Jaehoon Kim",9783031015311,,2006
,Importance of Psychological Traits,Springer US,"Clinical Psychology, Cognitive Psychology, Personality and Social Psychology",http://link.springer.com/10.1007/b107732,"Williams,John E. ",9780306471520,,2002
,Importance of Speculation in Design Research,Synthesis Collection of Technology (R0),Human Computer Interaction,https://doi.org/10.1007/978-3-031-67095-4,"Ron Wakkary, Doenja Oogjes",9783031670954,,2025
,Impossibility Results for Distributed Computing,Synthesis Collection of Technology (R0),Computing and Processing,https://doi.org/10.1007/978-3-031-02010-0,"Hagit Attiya, Faith Ellen",9783031020100,,2014
,Improving Competence across the Lifespan,Springer US,"Cognitive Psychology, Clinical Psychology, Geriatrics/Gerontology",http://link.springer.com/10.1007/b112701,"Pushkar, Dolores ",9780306471490,,2002
,In-/Near-Memory Computing,Synthesis Collection of Technology (R0),Circuits and Systems,https://doi.org/10.1007/978-3-031-01772-8,"Daichi Fujiki, Xiaowei Wang, Arun Subramaniyan, Reetuparna Das",9783031017728,,2021
,Incentive-Centric Semantic Web Application Engineering,Synthesis Collection of Technology (R0),Computing and Processing,https://doi.org/10.1007/978-3-031-79441-4,"Elena Simperl, Roberta Cuel, Martin Stein",9783031794414,,2013
,Incidental Exposure to Online News,Synthesis Collection of Technology (R0),Computing and Processing,https://doi.org/10.1007/978-3-031-02305-7,"Borchuluun Yadamsuren, Sanda Erdelez",9783031023057,,2017
,Inclusive Design,Springer Nature,Engineering,https://link.springer.com/openurl?genre=book&isbn=978-1-4471-0001-0,"P.John Clarkson, Roger Coleman, Simeon Keates, Cherie Lebbon",9781447100010,,2003
,Inclusive Designing,Springer Nature,Engineering,https://link.springer.com/openurl?genre=book&isbn=978-3-319-05095-9,"P. M. Langdon, J. Lazar, A. Heylighen, H. Dong",9783319050959,,2014
,Incomplete Data and Data Dependencies in Relational Databases,Synthesis Collection of Technology (R0),Computing and Processing,https://doi.org/10.1007/978-3-031-01893-0,"Sergio Greco, Cristian Molinaro, Francesca Spezzano",9783031018930,,2012
,Incompressible Flow,Wiley,"Physical Sciences & Engineering, Mechanical Engineering",https://onlinelibrary.wiley.com/doi/book/10.1002/9781118713075,Panton,9781118713075,4th ed.,2013
,Incropera's Principles of Heat and Mass Transfer,Wiley India,Engineering,https://ebooks.wileyindia.com/product-details/282450,Incropera,9788126595143,,2020
,Indeterminate Structural Analysis,PHI,Civil,https://elibrary.phindia.com/ebooks/reader/9789354432941,"Sahoo, Dipti Ranjan",9789354432941,,2020
,Index and Other Useful Information,Springer,Mathematics,http://dx.doi.org/10.1007/978-1-4899-4581-5,Springer-Verlag Berlin Heidelberg,9781489945815,,1975
,Index and Other Useful Information,Springer,Physics,http://dx.doi.org/10.1007/978-3-662-29391-1,"H. Araki, J. Ehlers, K. Hepp, R. Kippenhahn, H. A. Weidenmüller, J. Zittartz, W. Beiglböck",9781489945815,"1-222, Index",1985
,Index Generation Functions,Synthesis Collection of Technology (R0),Computing and Processing,https://doi.org/10.1007/978-3-031-79911-2,Tsutomu Sasao,9783031799112,,2020
,Indexed Categories and Their Applications,Springer,Mathematics,http://dx.doi.org/10.1007/BFb0061360,"Peter T. Johnstone, Robert Paré, R. D. Rosebrugh, D. Schumacher, R. J. Wood, G. C. Wraith",9783540357629,661,1978
,Indexicality,DeGruyter,Linguistics and Semiotics,https://www.degruyter.com/isbn/9783110791433,Peter Juul Nielsen,9783110791433,,2024
,India Connected ,SAGE,"Communication & Media Studies, New Media & Communication Technology",https://evidya.sagepub.in/library/india-connected?bookId=3535&siteName=evidya,Sunetra Sen Narayan,,,2017
,Indian Financial System,Pearson,Business & Economics,https://admin.elibrary.in.pearson.com/api/1.0/org/10032022/launchlibrary,Pathak,9789361596612,6th ed.,2024
,India's Nuclear Fuel Cycle,Synthesis Collection of Technology (R0),Nuclear Engineering,https://doi.org/10.1007/978-3-031-02489-4,"Taraknath V.K. Woddi, William S. Charlton, Paul Nelson",9783031024894,,2009
,Indistinguishability Obfuscation from Well-Studied Assumptions,Association for Computing Machinery,Cryptography,https://dl.acm.org/doi/book/10.1145/3705540,Aayush Jain,9798400713651,,2025
,Individual and Collective Graph Mining,Synthesis Collection of Technology (R0),Computing and Processing,https://doi.org/10.1007/978-3-031-01911-1,"Danai Koutra, Christos Faloutsos",9783031019111,,2018
,Induced Representations and Banach *-Algebraic Bundles,Springer,Mathematics,http://dx.doi.org/10.1007/BFb0086204,J. M. G. Fell,9783540699774,582,1977
,Inductive Logic Programming,Springer,Computer Science,http://link.springer.com/openurl?genre=book&isbn=978-3-030-49210-6,"Dimitar Kazakov, Can Erten",9783030492106,,2020
,Industrial Catalysis - A Practical Approach,Wiley,"Catalysis, Catalysis",https://onlinelibrary.wiley.com/doi/book/10.1002/3527607684,Hagen,9783527607686,2nd ed.,2005
,"Industrial Dyes - Chemistry, Properties, Applications",Wiley,"Chemistry, Industrial Chemistry",https://onlinelibrary.wiley.com/doi/book/10.1002/3527602011,Hunger,9783527602018,,2003
,Industrial Economics: An Introductory Textbook,New Age International,"Engineering , Industrial Engineering , Industrial Technology",http://elib4u.ipublishcentral.com/product/industrial-economics-introductory-textbook ,R R  Barthwal,9788122445121,3rd ed.,2010
,Industrial Electronic Circuits Laboratory Manual,Synthesis Collection of Technology (R0),Computer Science,https://doi.org/10.1007/978-3-031-50773-1,Farzin Asadi,9783031507731,,2024
,"Industrial Instrumentation, Safety and Management",CBS Publishers,Electrical & Electronics Engineering,http://www.eduport-global.com/product/industrial-instrumentation-safety-management,Chakraborty,9789388327299,,2020
,Industrial Internet,Springer,Computer Science,http://link.springer.com/openurl?genre=book&isbn=978-981-15-7490-0,Center for Electronics and Information Studies Chinese Academy of Engineering,9789811574900,,2020
,Industrial IoT ,Springer,Computer Science,http://link.springer.com/openurl?genre=book&isbn=978-3-030-42500-5,Ismail Butun,9783030425005,,2020
,Industrial Networks and Intelligent Systems,Springer,Computer Science,http://link.springer.com/openurl?genre=book&isbn=978-3-030-63083-6,"Nguyen-Son Vo, Van-Phuc Hoang",9783030630836,,2020
,Industrial Organic Pigments,Wiley,Technology & Engineering,https://onlinelibrary.wiley.com/doi/book/10.1002/3527602429,Herbst,9783527602421,3rd ed.,2004
,"Industrial Plasma Engineering, Vol. 2:Applications to Nonthermal Plasma Processing",Routledge,Plasma Physics,http://www.taylorfrancis.com/books/Plasma Physics,"Roth, J. R.",9780203750995,,1995
,Industrial Plasma Technology: Application from Environment to Energy Technologies,Wiley,Physical Sciences & Engineering,https://onlinelibrary.wiley.com/doi/book/10.1002/9783527629749,"Kawai,Y.",9783527629749,,2010
,Infinitary Combinatorics and the Axiom of Determinateness,Springer,Mathematics,http://dx.doi.org/10.1007/BFb0069385,Eugene M. Kleinberg,9783540370970,612,1977
,Infinitary Logic: In Memoriam Carol Karp,Springer,Mathematics,http://dx.doi.org/10.1007/BFb0081118,David W. Kueker,9783540379492,492,1975
,Infinite Dimensional Groups and Algebras in Quantum Physics,Springer,Physics,http://dx.doi.org/10.1007/978-3-540-49141-5,Johnny T. Ottesen,9783540491415,27,1995
,Infinite Dimensional Lie Transformations Groups,Springer,Mathematics,http://dx.doi.org/10.1007/BFb0063400,Hideki Omori,9783540372950,427,1974
,Infinite Matrices of Operators,Springer,Mathematics,http://dx.doi.org/10.1007/BFb0088196,Ivor J. Maddox,9783540389460,786,1980
,Infinite-Dimensional Systems,Springer,Mathematics,http://dx.doi.org/10.1007/BFb0072759,"Franz Kappel, Wilhelm Schappacher",9783540389323,1076,1984
,Infinitesimally Central Extensions of Chevalley Groups,Springer,Mathematics,http://dx.doi.org/10.1007/BFb0060175,W. L. J. Kallen,9783540378570,356,1973
,Inflammation: Fundamental Mechanisms,World Scientific,"Medicine, Immunology",https://www.worldscientific.com/worldscibooks/10.1142/10028#t=toc,Ley Klaus,9789813109445,,2018
,Informatics in Schools. Engaging Learners in Computational Thinking,Springer,Computer Science,http://link.springer.com/openurl?genre=book&isbn=978-3-030-63212-0,"Külli Kori, Mart Laanpere",9783030632120,,2020
,Information and Communication Technologies,Springer,Computer Science,http://link.springer.com/openurl?genre=book&isbn=978-3-030-62833-8,"Germania Rodriguez Morales, Efraín R. Fonseca C., Juan Pablo Salgado, Pablo Pérez-Gosende, Marcos Orellana Cordero, Santiago Berrezueta",9783030628338,,2020
,Information and Communication Technologies for Ageing Well and e-Health,Springer,Computer Science,http://link.springer.com/openurl?genre=book&isbn=978-3-030-52677-1,"Martina Ziefle, Leszek A. Maciaszek",9783030526771,,2020
,Information and Communication Technologies for Development,Springer,Computer Science,http://link.springer.com/openurl?genre=book&isbn=978-3-030-65828-1,"Julian M. Bass, P. J. Wall",9783030658281,,2020
,"Information and Communication Technologies in Education, Research, and Industrial Applications",Springer,Computer Science,http://link.springer.com/openurl?genre=book&isbn=978-3-030-39459-2,"Vadim Ermolayev, Frédéric Mallet, Vitaliy Yakovyna, Heinrich C. Mayr, Aleksander Spivakovsky",9783030394592,,2020
,Information and Communications Security,Springer,Computer Science,http://link.springer.com/openurl?genre=book&isbn=978-3-030-41579-2,"Jianying Zhou, Xiapu Luo, Qingni Shen, Zhen Xu",9783030415792,,2020
,Information and Communications Security,Springer,Computer Science,http://link.springer.com/openurl?genre=book&isbn=978-3-030-61078-4,"Weizhi Meng, Dieter Gollmann, Christian D. Jensen, Jianying Zhou",9783030610784,,2020
,Information and Cyber Security,Springer,Computer Science,http://link.springer.com/openurl?genre=book&isbn=978-3-030-43276-8,"Hein Venter, Marianne Loock, Marijke Coetzee, Mariki Eloff, Jan Eloff",9783030432768,,2020
,Information and Cyber Security,Springer,Computer Science,http://link.springer.com/openurl?genre=book&isbn=978-3-030-66039-0,"Hein Venter, Marianne Loock, Marijke Coetzee, Mariki Eloff, Jan Eloff, Reinhardt Botha",9783030660390,,2020
,Information and Human Values,Synthesis Collection of Technology (R0),Computing and Processing,https://doi.org/10.1007/978-3-031-02332-3,Kenneth Fleischmann,9783031023323,,2014
,Information and Influence Propagation in Social Networks,Synthesis Collection of Technology (R0),Computing and Processing,https://doi.org/10.1007/978-3-031-01850-3,"Wei Chen, Carlos Castillo, Laks V.S. Lakshmanan",9783031018503,,2014
,Information and Knowledge Management Expanding the Definition of “Database”,Springer,Computer Science,http://dx.doi.org/10.1007/3-540-57419-0,"Timothy W. Finin, Charles K. Nicholas, Yelena Yesha",9783540481485,752,1993
,Information and Software Technologies,Springer,Computer Science,http://link.springer.com/openurl?genre=book&isbn=978-3-030-59506-7,"Audrius Lopata, Rita Butkienė, Daina Gudonienė, Vilma Sukackė",9783030595067,,2020
,Information Architecture : The Design and Integration of Information Spaces,Synthesis Collection of Technology (R0),Computing and Processing,https://doi.org/10.1007/978-3-031-02267-8,"Wei Ding, Xia Lin",9783031022678,,2010
,Information Architecture : The Design and Integration of Information Spaces,Synthesis Collection of Technology (R0),Computing and Processing,https://doi.org/10.1007/978-3-031-02308-8,"Wei Ding, Xia Lin, Michael Zarro",9783031023088,2nd ed.,2017
,Information Architecture and UX Design,Synthesis Collection of Technology (R0),Human Computer Interaction,https://doi.org/10.1007/978-3-031-72138-0,"Wei Ding, Xia Lin, Michael Zarro",9783031721380,3rd ed.,2025
,Information Communication,Synthesis Collection of Technology (R0),"Communication, Networking and Broadcast Technologies, Computing and Processing",https://doi.org/10.1007/978-3-031-02293-7,Ma Feicheng,9783031022937,,2015
,Information Concepts,Synthesis Collection of Technology (R0),Computing and Processing,https://doi.org/10.1007/978-3-031-02273-9,Gary Marchionini,9783031022739,,2010
,Information Hiding,Springer,Computer Science,http://dx.doi.org/10.1007/3-540-61996-8,Ross Anderson,9783540495895,1174,1996
,Information Management and Big Data,Springer,Computer Science,http://link.springer.com/openurl?genre=book&isbn=978-3-030-46140-9,"Juan Antonio Lossio-Ventura, Nelly Condori-Fernandez, Jorge Carlos Valverde-Rebaza",9783030461409,,2020
,Information Management in Computer Integrated Manufacturing,Springer,Computer Science,http://dx.doi.org/10.1007/3-540-60286-0,"Heimo H. Adelsberger, Jiří Lažanský, Vladimír Mařík",9783540447856,973,1995
,Information Processing and Management of Uncertainty in Knowledge-Based Systems,Springer,Computer Science,http://link.springer.com/openurl?genre=book&isbn=978-3-030-50143-3,"Marie-Jeanne Lesot, Susana Vieira, Marek Z. Reformat, João Paulo Carvalho, Anna Wilbik, Bernadette Bouchon-Meunier, Ronald R. Yager",9783030501433,,2020
,Information Processing and Management of Uncertainty in Knowledge-Based Systems,Springer,Computer Science,http://link.springer.com/openurl?genre=book&isbn=978-3-030-50146-4,"Marie-Jeanne Lesot, Susana Vieira, Marek Z. Reformat, João Paulo Carvalho, Anna Wilbik, Bernadette Bouchon-Meunier, Ronald R. Yager",9783030501464,,2020
,Information Processing and Management of Uncertainty in Knowledge-Based Systems,Springer,Computer Science,http://link.springer.com/openurl?genre=book&isbn=978-3-030-50153-2,"Marie-Jeanne Lesot, Susana Vieira, Marek Z. Reformat, João Paulo Carvalho, Anna Wilbik, Bernadette Bouchon-Meunier, Ronald R. Yager",9783030501532,,2020
,"Information Processing in Medical Imaging: 12th International Conference, IPMI '91 Wye, UK",Springer,Computer Science,http://dx.doi.org/10.1007/BFb0033736,"Alan C. F. Colchester, David J. Hawkes",9783540475217,511,1991
,"Information Processing in Medical Imaging: 13th International Conference, IPMI '93 Flagstaff, Arizona, USA",Springer,Computer Science,http://dx.doi.org/10.1007/BFb0013776,"Harrison H. Barrett, A. F. Gmitro",9783540477426,687,1993
,Information Retrieval,Springer,Computer Science,http://link.springer.com/openurl?genre=book&isbn=978-3-030-56725-5,"Zhicheng Dou, Qiguang Miao, Wei Lu, Jiaxin Mao, Guang Jia",9783030567255,,2020
,Information Retrieval Evaluation,Synthesis Collection of Technology (R0),Computing and Processing,https://doi.org/10.1007/978-3-031-02276-0,Donna Harman,9783031022760,,2011
,Information Retrieval Models,Synthesis Collection of Technology (R0),Computing and Processing,https://doi.org/10.1007/978-3-031-02328-6,Thomas Roelleke,9783031023286,,2013
,Information Retrieval Technology,Springer,Computer Science,http://link.springer.com/openurl?genre=book&isbn=978-3-030-42835-8,"Fu Lee Wang, Haoran Xie, Wai Lam, Aixin Sun, Lun-Wei Ku, Tianyong Hao, Wei Chen, Tak-Lam Wong, Xiaohui Tao",9783030428358,,2020
,Information Retrieval: Advanced Topics and Techniques,Association for Computing Machinery,"Machine Learning , Neural Networks",https://dl.acm.org/doi/book/10.1145/3674127,Omar Alonso and Ricardo Baeza-Yates,9798400710506,,2024
,"Information Search, Integration, and Personalization",Springer,Computer Science,http://link.springer.com/openurl?genre=book&isbn=978-3-030-44900-1,"Giorgos Flouris, Dominique Laurent, Dimitris Plexousakis, Nicolas Spyratos, Yuzuru Tanaka",9783030449001,,2020
,Information Security,Springer,Computer Science,http://link.springer.com/openurl?genre=book&isbn=978-3-030-62974-8,"Willy Susilo, Robert H. Deng, Fuchun Guo, Yannan Li, Rolly Intan",9783030629748,,2020
,Information Security,Wiley,Computer and Information Science,https://onlinelibrary.wiley.com/doi/book/10.1002/0471744190,Stamp,9780471744191,,2005
,Information Security and Cryptology,Springer,Computer Science,http://link.springer.com/openurl?genre=book&isbn=978-3-030-42921-8,"Zhe Liu, Moti Yung",9783030429218,,2020
,Information Security and Cryptology – ICISC 2019,Springer,Computer Science,http://link.springer.com/openurl?genre=book&isbn=978-3-030-40921-0,Jae Hong Seo,9783030409210,,2020
,Information Security and Privacy,Springer,Computer Science,http://link.springer.com/openurl?genre=book&isbn=978-3-030-55304-3,"Joseph K. Liu, Hui Cui",9783030553043,,2020
,Information Security and Privacy,Springer,Computer Science,http://dx.doi.org/10.1007/BFb0023281,"Josef Pieprzyk, Jennifer Seberry",9783030553043,1172,1996
,Information Security Applications,Springer,Computer Science,http://link.springer.com/openurl?genre=book&isbn=978-3-030-39303-8,Ilsun You,9783030393038,,2020
,Information Security Applications,Springer,Computer Science,http://link.springer.com/openurl?genre=book&isbn=978-3-030-65299-9,Ilsun You,9783030652999,,2020
,Information Security Education. Information Security in Action,Springer,Computer Science,http://link.springer.com/openurl?genre=book&isbn=978-3-030-59291-2,"Lynette Drevin, Suné Von Solms, Marianthi Theocharidou",9783030592912,,2020
,Information Security Theory and Practice,Springer,Computer Science,http://link.springer.com/openurl?genre=book&isbn=978-3-030-41702-4,"Maryline Laurent, Thanassis Giannetsos",9783030417024,,2020
,Information Storage,Springer,Computer Science,http://link.springer.com/openurl?genre=book&isbn=978-3-030-19262-4,"Cornelia S. Große, Rolf Drechsler",9783030192624,,2020
,Information Systems,Springer,Computer Science,http://link.springer.com/openurl?genre=book&isbn=978-3-030-44322-1,"Marinos Themistocleous, Maria Papadaki",9783030443221,,2020
,Information Systems,Springer,Computer Science,http://link.springer.com/openurl?genre=book&isbn=978-3-030-63396-7,"Marinos Themistocleous, Maria Papadaki, Muhammad Mustafa Kamal",9783030633967,,2020
,Information Systems and Artificial Intelligence: Integration Aspects,Springer,Computer Science,http://dx.doi.org/10.1007/3-540-53557-8,Dimitris Karagiannis,9783540468097,474,1991
,Information Systems and Data Management,Springer,Computer Science,http://dx.doi.org/10.1007/3-540-60584-3,Subhash Bhalla,9783540477990,1006,1995
,Information Systems and Neuroscience,Springer,Computer Science,http://link.springer.com/openurl?genre=book&isbn=978-3-030-60073-0,"Fred D. Davis, René Riedl, Jan vom Brocke, Pierre-Majorique Léger, Adriane B. Randolph, Thomas Fischer",9783030600730,,2020
,Information Systems Methodology,Springer,Computer Science,http://dx.doi.org/10.1007/3-540-08934-9,"Giampio Bracchi, Peter Christian Lockemann",9783540357315,65,1978
,Information Systems Security,Springer,Computer Science,http://link.springer.com/openurl?genre=book&isbn=978-3-030-65610-2,"Salil Kanhere, Vishwas T Patil, Shamik Sural, Manoj S Gaur",9783030656102,,2020
,Information Systems Security and Privacy,Springer,Computer Science,http://link.springer.com/openurl?genre=book&isbn=978-3-030-49443-8,"Paolo Mori, Steven Furnell, Olivier Camp",9783030494438,,2020
,Information Technology : Selected Tutorials,Springer US,Computer Hardware,http://link.springer.com/10.1007/b98987,"Reis, Ricardo ",9781402081590,,2004
,Information Technology for Management: Current Research and Future Directions,Springer,Computer Science,http://link.springer.com/openurl?genre=book&isbn=978-3-030-43353-6,Ewa Ziemba,9783030433536,,2020
,Information Technology in Disaster Risk Reduction,Springer,Computer Science,http://link.springer.com/openurl?genre=book&isbn=978-3-030-48939-7,"Yuko Murayama, Dimiter Velev, Plamena Zlateva",9783030489397,,2020
,Information Theoretic Principles for Agent Learning,Synthesis Collection of Technology (R0),Computer Science,https://doi.org/10.1007/978-3-031-65388-9,Jerry D. Gibson,9783031653889,,2025
,Information Theory,SAGE Publications Ltd,Information Theory,https://doi.org/10.4135/9781412984485,Klaus Krippendorff,9781412984485,,1986
,Information Theory and Applications,Springer,Computer Science,http://dx.doi.org/10.1007/3-540-57936-2,"T. Aaron Gulliver, Norman P. Secord",9783540483922,793,1994
,Information Theory and Applications II,Springer,Computer Science,http://dx.doi.org/10.1007/BFb0025130,"Jean-Yves Chouinard, Paul Fortier, T. Aaron Gulliver",9783540706472,1133,1996
,Information Theory and Rate Distortion Theory for Communications and Compression,Synthesis Collection of Technology (R0),"Communication, Networking and Broadcast Technologies",https://doi.org/10.1007/978-3-031-01680-6,Jerry Gibson,9783031016806,,2014
,Information Theory Tools for Computer Graphics,Synthesis Collection of Technology (R0),Computing and Processing,https://doi.org/10.1007/978-3-031-79546-6,"Mateu Sbert, Miquel Feixas, Jaume Rigau, Miguel Chover, Ivan Viola",9783031795466,,2009
,Information Theory Tools for Image Processing,Synthesis Collection of Technology (R0),Computing and Processing,https://doi.org/10.1007/978-3-031-79555-8,"Miquel Feixas, Anton Bardera, Jaume Rigau, Qing Xu",9783031795558,,2014
,"Information Theory, Coding and Cryptography",McGraw Hill,Computer Science,https://resolver.vitalsource.com/9789385880575/?brand=mcgrawhillindia.vitalsource.com  ,Bose,,3rd ed.,2016
,"Information Theory, Coding and Cryptography",Tata McGraw Hill,Computer Science,https://ebookcentral.proquest.com/lib/iitdelhi/detail.action?docID=5121111&query=,Bose Ranjan,9780071336604,2nd ed.,2008
,Information Verification in the Digital Age,Synthesis Collection of Technology (R0),"Computing and Processing, General Topics for Engineers",https://doi.org/10.1007/978-3-031-02039-1,Nora Martin,9783031020391,,2016
,"Information, Communication and Computing Technology",Springer,Computer Science,http://link.springer.com/openurl?genre=book&isbn=978-981-15-9671-1,"Costin Badica, Panos Liatsis, Latika Kharb, Deepak Chahal",9789811596711,,2020
,"Information, Knowledge, and Technology for Teaching and Research in Africa",Synthesis Collection of Technology (R0),Library Science,https://doi.org/10.1007/978-3-031-65745-0,"Dennis Ocholla, Omwoyo Bosire Onyancha, Aderonke Olaitan Adesina",9783031657450,,2025
,"Information, Knowledge, and Technology for Teaching and Research in Africa : Data and Knowledge Management",Synthesis Collection of Technology (R0),Library Science,https://doi.org/10.1007/978-3-031-59053-5,"Dennis Ocholla, Omwoyo Bosire Onyancha, Aderonke Olaitan Adesina",9783031590535,,2024
,"Information, Knowledge, and Technology for Teaching and Research in Africa : Human Machine Interaction and User Interfaces",Synthesis Collection of Technology (R0),Library Science,https://doi.org/10.1007/978-3-031-60267-2,"Dennis Ocholla, Omwoyo Bosire Onyancha, Aderonke Olaitan Adesina",9783031602672,,2024
,"Information, Weight of Evidence, the Singularity between Probability Measures and Signal Detection",Springer,Mathematics,http://dx.doi.org/10.1007/BFb0064126,"David Bridston Osteyee, Irving John Good",9783540382942,376,1974
,"Informing Chemical Engineering Decisions with Data, Research, and Government Resources",Synthesis Collection of Technology (R0),Bioengineering,https://doi.org/10.1007/978-3-031-01670-7,"Patricia Elaine Kirkwood, Necia T. Parker-Gibson",9783031016707,,2013
,Infrared and Terahertz Detectors,Taylor & Francis,"Engineering & Technology, Electrical & Electronic Engineering",www.taylorfrancis.com/books/9781315271330,"Rogalski , Antoni",9781315271330,3rd ed.,2019
,Infrared Extinction and Standardization,Springer,Physics,http://dx.doi.org/10.1007/3-540-51610-7,E. F. Milone,9783540467106,341,1989
,Injective Choice Functions,Springer,Mathematics,http://dx.doi.org/10.1007/BFb0072628,"Michael Holz, Klaus-Peter Podewski, Karsten Steffens",9783540474265,1238,1987
,In-Memory Computing,Springer Nature,Engineering,https://link.springer.com/openurl?genre=book&isbn=978-3-030-18026-3,"Saeideh Shirinzadeh, Rolf Drechsler",9783030180263,,2020
,Innovation and Technology — Strategies and Policies,Springer Netherlands,"Business and Management, Environmental Management, Mechanical Engineering",http://link.springer.com/10.1007/978-0-585-29606-7,"Soares, Olivério D. D.",9780585296067,,1997
,Innovation for Systems Information and Decision,Springer,Computer Science,http://link.springer.com/openurl?genre=book&isbn=978-3-030-64399-7,"Adiel Teixeira de Almeida, Danielle Costa Morais",9783030643997,,2020
,Innovation in Language Learning and Teaching,DeGruyter,Linguistics and Semiotics,https://www.degruyter.com/isbn/9789027252869,Richard Smith,9789027252869,,2023
,Innovation Management and New Product Development,Pearson Education,Business/Management,https://ebookcentral.proquest.com/lib/iitdelhi/detail.action?docID=5186181,"Trott, Paul",9781292165400,6th ed.,2017
,Innovation Mode,Springer,Computer Science,http://link.springer.com/openurl?genre=book&isbn=978-3-030-45139-4,George Krasadakis,9783030451394,,2020
,Innovations and Interdisciplinary Solutions for Underserved Areas,Springer,Computer Science,http://link.springer.com/openurl?genre=book&isbn=978-3-030-51051-0,"Jessica P. R. Thorn, Assane Gueye, Adam P. Hejnowicz",9783030510510,,2020
,Innovations for Community Services,Springer,Computer Science,http://link.springer.com/openurl?genre=book&isbn=978-3-030-37484-6,"Siddharth Swarup Rautaray, Gerald Eichler, Christian Erfurth, Günter Fahrnberger",9783030374846,,2020
,Innovations in Digital Economy,Springer,Computer Science,http://link.springer.com/openurl?genre=book&isbn=978-3-030-60080-8,"Dmitrii Rodionov, Tatiana Kudryavtseva, Mohammed Ali Berawi, Angi Skhvediani",9783030600808,,2020
,Innovations in Digital Research Methods,SAGE Publications Ltd,Internet research,https://doi.org/10.4135/9781473920651,Peter Halfpenny,9781473920651,,2015
,Innovations in the Memory System,Synthesis Collection of Technology (R0),"Components, Circuits, Devices and Systems, Computing and Processing",https://doi.org/10.1007/978-3-031-01763-6,Rajeev Balasubramonian,9783031017636,,2019
,Innovative Computing,Springer,Computer Science,http://link.springer.com/openurl?genre=book&isbn=978-981-15-5959-4,"Chao-Tung Yang, Yan Pei, Jia-Wei Chang",9789811559594,,2020
,Innovative Decision-Making Techniques,Synthesis Collection of Technology (R0),Business and Management,https://doi.org/10.1007/978-3-031-11280-5,"Terry Bresnick, Omar Periu",9783031112805,,2022
,Innovative Security Solutions for Information Technology and Communications,Springer,Computer Science,http://link.springer.com/openurl?genre=book&isbn=978-3-030-41025-4,"Emil Simion, Rémi Géraud-Stewart",9783030410254,,2020
,Innovative Technologies and Learning,Springer,Computer Science,http://link.springer.com/openurl?genre=book&isbn=978-3-030-63885-6,"Tien-Chi Huang, Ting-Ting Wu, João Barroso, Frode Eika Sandnes, Paulo Martins, Yueh-Min Huang",9783030638856,,2020
,Inorganic Chemistry,New Age International,"Science , Chemistry , Inorganic",http://elib4u.ipublishcentral.com/product/inorganic-chemistry50118775 ,Chakrabarty D K,9781781830710,3rd ed.,2013
,Inorganic chemistry,Pearson,STEM,https://admin.elibrary.in.pearson.com/api/1.0/org/10032022/launchlibrary,"Miessler, Gary L.",9781292034003,5th ed.,2008
,Inorganic Chemistry,Pearson Education,"Science: Chemistry, Science",https://ebookcentral.proquest.com/lib/iitdelhi/detail.action?docID=5173737,"Housecroft, Catherine;Sharpe, Alan G.",9780273742784,4th ed.,2012
,Inorganic Chemistry: Principles of Structure and Reactivity,Pearson,STEM,https://ebooks.elibrary.in.pearson.com/wr/launchbook.html?id=10032022,Huheey / Medhi ,9789356069114,5th ed.,2022
,Inside Culture,SAGE Publications Ltd,Culture,https://doi.org/10.4135/9781849209267,Nick Couldry,9781849209267,,2000
,Inside Interviewing,SAGE Publications Ltd,Interviewing,https://doi.org/10.4135/9781412984492,Jaber F. Gubrium; James Holstein,9781412984492,,2003
,Inside Organizations,SAGE Publications Ltd,Inside Organizations,https://doi.org/10.4135/9781529716856,Sultan,9781529716856,,2016
,Instant Recovery with Write-Ahead Logging,Synthesis Collection of Technology (R0),"Computing and Processing, Components, Circuits, Devices and Systems",https://doi.org/10.1007/978-3-031-01852-7,"Goetz Graefe, Wey Guy, Caetano Sauer",9783031018527,,2015
,Instant Recovery with Write-Ahead Logging,Synthesis Collection of Technology (R0),"Computing and Processing, Components, Circuits, Devices and Systems",https://doi.org/10.1007/978-3-031-01857-2,"Goetz Graefe, Wey Guy, Caetano Sauer",9783031018572,,2016
,Instrumental Methods of Analysis,CBS Publishers,Chemical Engineering,http://www.eduport-global.com/product/instrumental-methods-analysis50114327,Willard M. H.,9789388327008,7th ed.,2020
,Instrumentation and Control Systems,McGraw Hill,Electronics,https://resolver.vitalsource.com/9789385880537/?brand=mcgrawhillindia.vitalsource.com  ,"Raju, Padma",,,2016
,Instrumentation Measurement and Analysis,McGraw Hill,Electronics,https://resolver.vitalsource.com/9780071321785/?brand=mcgrawhillindia.vitalsource.com  ,Nakra,,3rd ed.,2009
,"Instrumentation, Measurement and Analysis",McGraw Hill,Electronics,https://resolver.vitalsource.com/9789385965005/?brand=mcgrawhillindia.vitalsource.com  ,Nakra & Chaudhary,,4th ed.,2016
,"Instrumentation: Theory and Practice, Part 1",Synthesis Collection of Technology (R0),Mechanical Engineering,https://doi.org/10.1007/978-3-031-15246-7,Issam Abu-Mahfouz,9783031152467,,2022
,"Instrumentation: Theory and Practice, Part 2",Synthesis Collection of Technology (R0),Materials Science,https://doi.org/10.1007/978-3-031-79211-3,Issam Abu-Mahfouz,9783031792113,,2022
,Integer Programming,Springer Nature,Mathematics and Statistics,https://doi.org/10.1007/978-3-319-11008-0,"Michele Conforti, Gérard Cornuéjols, Giacomo Zambelli",9783319110080,,2014
,Integer Programming and Combinatorial Optimization,Springer,Computer Science,http://link.springer.com/openurl?genre=book&isbn=978-3-030-45771-6,"Daniel Bienstock, Giacomo Zambelli",9783030457716,,2020
,"Integer Programming and Combinatorial Optimization: 4th International IPCO Conference Copenhagen, Denmark",Springer,Computer Science,http://dx.doi.org/10.1007/3-540-59408-6,"Egon Balas, Jens Clausen",9783540492450,920,1995
,"Integer Programming and Combinatorial Optimization: 5th International IPCO Conference Vancouver, British Columbia, Canada",Springer,Computer Science,http://dx.doi.org/10.1007/3-540-61310-2,"William H. Cunningham, S. Thomas McCormick, Maurice Queyranne",9783540684534,1084,1996
,Integrable Models and Strings,Springer,Physics,http://dx.doi.org/10.1007/3-540-58453-6,"Anton Alekseev, Antero Hietamäki, Katri Huitu, Alexei Morozov, Antti Niemi",9783540488101,436,1994
,Integrable Quantum Field Theories,Springer,Physics,http://dx.doi.org/10.1007/3-540-11190-5,"J. Hietarinta, C. Montonen",9783540389767,151,1982
,Integrable Systems and Applications,Springer,Physics,http://dx.doi.org/10.1007/BFb0035656,"M. Balabane, P. Lochak, C. Sulem",9783540467144,342,1989
,Integrable Systems and Quantum Groups,Springer,Mathematics,http://dx.doi.org/10.1007/BFb0094791,"Ron Donagi, Boris Dubrovin, Edward Frenkel, Emma Previato",9783540477068,1620,1996
,Integrable Systems in the realm of Algebraic Geometry,Springer,Mathematics,http://dx.doi.org/10.1007/978-3-662-21535-7,Pol Vanhaecke,9783662215357,1638,1996
,Integral,Synthesis Collection of Technology (R0),General Topics for Engineers,https://doi.org/10.1007/978-3-031-02401-6,Steven G. Krantz,9783031024016,,2011
,Integral Equation Method in Transonic Flow,Springer,Physics,http://dx.doi.org/10.1007/3-540-11499-8,Pradip Niyogi,9783540391999,157,1982
,Integral Equation Methods for Electromagnetic and Elastic Waves,Synthesis Collection of Technology (R0),"Fields, Waves and Electromagnetics",https://doi.org/10.1007/978-3-031-01707-0,"Weng Chew, Mei-Song Tong, Bin HU",9783031017070,,2009
,Integral Operators in Potential Theory,Springer,Mathematics,http://dx.doi.org/10.1007/BFb0091035,Josef Král,9783540382881,823,1980
,Integral Representations,Springer,Mathematics,http://dx.doi.org/10.1007/BFb0063058,"Irving Reiner, Klaus W. Roggenkamp",9783540350071,744,1979
,Integral Representations and Applications,Springer,Mathematics,http://dx.doi.org/10.1007/BFb0092485,Klaus W. Roggenkamp,9783540387893,882,1981
,Intégrales Exponentielles,Springer,Mathematics,http://dx.doi.org/10.1007/BFb0096004,Edmond Combet,9783540392729,937,1982
,Intégrales Singulières,Springer,Mathematics,http://dx.doi.org/10.1007/BFb0070445,Antoni Zygmund,9783540366607,204,1971
,"Integrals of Lebesgue, Denjoy, Perron, and Henstock",American Mathematical Society,Mathematics,https://www.ams.org/books/gsm/004/,Russell A. Gordon,9781470420666, ,1999
,Integrated Business Information Systems,Springer,Computer Science,http://link.springer.com/openurl?genre=book&isbn=978-3-662-59811-5,Klaus-Dieter Gronwald,9783662598115,,2020
,Integrated Coastal Resilience,Synthesis Collection of Technology (R0),Oceanography,https://doi.org/10.1007/978-3-031-68153-0,"C. Reid Nichols, Lynn Donelson Wright, Gary Zarillo",9783031681530,,2025
,Integrated Formal Methods,Springer,Computer Science,http://link.springer.com/openurl?genre=book&isbn=978-3-030-63461-2,"Brijesh Dongol, Elena Troubitsyna",9783030634612,,2020
,Integrated Pest and Disease Management in Greenhouse Crops,Springer Netherlands,"Agriculture, Biogeography, Ecology",http://link.springer.com/10.1007/0-306-47585-5,"Albajes, R. ",9780306475856,,1999
,Integrated Photonics - Fundamentals,Wiley,"Physical Sciences & Engineering, Electrical & Electronics Engineering",https://onlinelibrary.wiley.com/doi/book/10.1002/0470861401,Lifante,9780470861400,,2003
,Integrated Process Design and Operational Optimization via Multiparametric Programming,Synthesis Collection of Technology (R0),Computing and Processing,https://doi.org/10.1007/978-3-031-02089-6,"Baris Burnak, Nikolaos A. Diangelakis, Efstratios N. Pistikopoulos",9783031020896,,2020
,Integrated Solid Waste Management +CD - a Life Cycle Inventory,Wiley,"Earth, Space & Environmental Sciences, Environmental Studies",https://onlinelibrary.wiley.com/doi/book/10.1002/9780470999677,McDougall,9780470999677,,2001
,Integrated Terrestrial and Non-Terrestrial Networks,Synthesis Collection of Technology (R0),Communications Engineering,https://doi.org/10.1007/978-3-031-63705-6,"Muhammad Ali Jamshed, Ali Nauman",9783031637056,,2025
,Integrated Test Analysis Process for Structural Dynamic Systems,Synthesis Collection of Technology (R0),Computing and Processing,https://doi.org/10.1007/978-3-031-79729-3,Robert N. Coppolino,9783031797293,,2020
,Integrated Time-Based Signal Processing Circuits for Harsh Radiation Environments,Synthesis Collection of Technology (R0),Circuits and Systems,https://doi.org/10.1007/978-3-031-40620-1,"Arijit Karmakar, Valentijn De Smedt, Paul Leroux",9783031406201,,2024
,Integrated Uncertainty in Knowledge Modelling and Decision Making,Springer,Computer Science,http://link.springer.com/openurl?genre=book&isbn=978-3-030-62509-2,"Van-Nam Huynh, Tomoe Entani, Chawalit Jeenanunta, Masahiro Inuiguchi, Pisal Yenradee",9783030625092,,2020
,Integrated Water Resources Management,CBS Publishers,Civil,https://www.eduport-global.com/product/integrated-water-resources-management-pb,M M Sarbhukan,9789389185973,,2020
,Integrating Analyses in Mixed Methods Research,SAGE Publications Ltd,Mixed Methods Research,https://doi.org/10.4135/9781526417190,Patricia Bazeley,9781526485595,,2017
,Integrating Qualitative and Quantitative Methods,SAGE Publications Ltd,Quantitative Methods,https://doi.org/10.4135/9781544304533,David Morgan,9781544304533,,2014
,Integrating Symbolic Mathematical Computation and Artificial Intelligence,Springer,Computer Science,http://dx.doi.org/10.1007/3-540-60156-2,"Jacques Calmet, John A. Campbell",9783540495338,958,1995
,"Integration of Constraint Programming, Artificial Intelligence, and Operations Research",Springer,Computer Science,http://link.springer.com/openurl?genre=book&isbn=978-3-030-58942-4,"Emmanuel Hebrard, Nysret Musliu",9783030589424,,2020
,Integration Theory,Springer,Mathematics,http://dx.doi.org/10.1007/BFb0098940,"A. J. E. M. Janssen, P. Steen",9783540389378,1078,1984
,Integration Theory (with Special Attention to Vector Measures),Springer,Mathematics,http://dx.doi.org/10.1007/BFb0069346,Klaus Bichteler,9783540383697,315,1973
,Integrity Constraints on Rich Data Types,Synthesis Collection of Technology (R0),Database Management,https://doi.org/10.1007/978-3-031-27177-9,"Shaoxu Song, Lei Chen",9783031271779,,2023
,Integrity Primitives for Secure Information Systems,Springer,Computer Science,http://dx.doi.org/10.1007/3-540-60640-8,"Antoon Bosselaers, Bart Preneel",9783540485179,1007,1995
,Intellectual Property Law for Engineers and Scientists,Wiley,"Law & Criminology, Law",https://onlinelibrary.wiley.com/doi/book/10.1002/0471697400,Rockman,9780471697404,,2004
,Intelligent Agents,Springer,Computer Science,http://dx.doi.org/10.1007/3-540-58855-8,"Michael J. Wooldridge, Nicholas R. Jennings",9783540491293,890,1995
,"Intelligent Agents II Agent Theories, Architectures, and Languages",Springer,Computer Science,http://dx.doi.org/10.1007/3-540-60805-2,"Michael Wooldridge, Jörg P. Müller, Milind Tambe",9783540495949,1037,1996
,Intelligent Autonomous Robotics,Synthesis Collection of Technology (R0),Computing and Processing,https://doi.org/10.1007/978-3-031-01544-1,Peter Stone,9783031015441,,2007
,Intelligent Computer Mathematics,Springer,Computer Science,http://link.springer.com/openurl?genre=book&isbn=978-3-030-53518-6,"Christoph Benzmüller, Bruce Miller",9783030535186,,2020
,"Intelligent Computing for Interactive System Design: Statistics, Digital Signal Processing, and Machine Learning in Practice",Association for Computing Machinery,Computer Science,https://dl.acm.org/citation.cfm?id=3447404,"Parisa Eslambolchilar, Andreas Komninos, and Mark Dunlop",9781450390286,,2021
,Intelligent Computing Methodologies,Springer,Computer Science,http://link.springer.com/openurl?genre=book&isbn=978-3-030-60796-8,"De-Shuang Huang, Prashan Premaratne",9783030607968,,2020
,Intelligent Computing Systems,Springer,Computer Science,http://link.springer.com/openurl?genre=book&isbn=978-3-030-43364-2,"Carlos Brito-Loeza, Arturo Espinosa-Romero, Anabel Martin-Gonzalez, Asad Safi",9783030433642,,2020
,Intelligent Computing Theories and Application,Springer,Computer Science,http://link.springer.com/openurl?genre=book&isbn=978-3-030-60799-9,"De-Shuang Huang, Vitoantonio Bevilacqua, Abir Hussain",9783030607999,,2020
,Intelligent Computing Theories and Application,Springer,Computer Science,http://link.springer.com/openurl?genre=book&isbn=978-3-030-60802-6,"De-Shuang Huang, Kang-Hyun Jo",9783030608026,,2020
,Intelligent Data Engineering and Automated Learning – IDEAL 2020,Springer,Computer Science,http://link.springer.com/openurl?genre=book&isbn=978-3-030-62362-3,"Cesar Analide, Paulo Novais, David Camacho, Hujun Yin",9783030623623,,2020
,Intelligent Data Engineering and Automated Learning – IDEAL 2020,Springer,Computer Science,http://link.springer.com/openurl?genre=book&isbn=978-3-030-62365-4,"Cesar Analide, Paulo Novais, David Camacho, Hujun Yin",9783030623654,,2020
,Intelligent Human Computer Interaction,Springer,Computer Science,http://link.springer.com/openurl?genre=book&isbn=978-3-030-44689-5,"Uma Shanker Tiwary, Santanu Chaudhury",9783030446895,,2020
,Intelligent Information and Database Systems,Springer,Computer Science,http://link.springer.com/openurl?genre=book&isbn=978-981-15-3380-8,"Paweł Sitek, Marcin Pietranik, Marek Krótkiewicz, Chutimet Srinilta",9789811533808,,2020
,Intelligent Information and Database Systems,Springer,Computer Science,http://link.springer.com/openurl?genre=book&isbn=978-3-030-41964-6,"Ngoc Thanh Nguyen, Kietikul Jearanaitanakij, Ali Selamat, Bogdan Trawiński, Suphamit Chittayasothorn",9783030419646,,2020
,Intelligent Information and Database Systems,Springer,Computer Science,http://link.springer.com/openurl?genre=book&isbn=978-3-030-42058-1,"Ngoc Thanh Nguyen, Kietikul Jearanaitanakij, Ali Selamat, Bogdan Trawiński, Suphamit Chittayasothorn",9783030420581,,2020
